{"stats":{"minecraft:crafted":{"minecraft:oak_planks":4,"minecraft:furnace":2,"regions_unexplored:larch_planks":16,"minecraft:cooked_mutton":28,"minecraft:iron_boots":1,"minecraft:iron_axe":1,"minecraft:stone_pickaxe":1,"minecraft:chest":5,"regions_unexplored:magnolia_planks":40,"minecraft:cooked_beef":30,"sophisticatedbackpacks:backpack":1,"minecraft:crafting_table":2,"minecraft:wooden_pickaxe":1,"minecraft:iron_helmet":1,"minecraft:bucket":1,"minecraft:air":0,"regions_unexplored:pine_planks":8,"minecraft:iron_chestplate":1,"minecraft:stick":20,"minecraft:iron_ingot":18,"minecraft:wooden_axe":1,"minecraft:white_bed":1,"minecraft:torch":96},"minecraft:broken":{"minecraft:iron_axe":1,"minecraft:iron_sword":1,"minecraft:wooden_axe":1},"minecraft:killed_by":{"minecraft:stray":1,"minecraft:creeper":1,"minecraft:spider":1,"alexsmobs:bison":2,"minecraft:skeleton":2,"minecraft:zombie":1},"minecraft:dropped":{"minecraft:iron_sword":1,"minecraft:wheat_seeds":3,"minecraft:diamond":1,"minecraft:feather":2,"alexsmobs:bison_fur":3,"minecraft:wooden_axe":1,"minecraft:iron_axe":1,"minecraft:string":4,"regions_unexplored:clover":3,"sophisticatedbackpacks:backpack":1,"minecraft:spider_eye":1},"minecraft:used":{"minecraft:poppy":4,"minecraft:chest":3,"minecraft:iron_sword":272,"minecraft:rotten_flesh":12,"minecraft:torch":23,"minecraft:dirt":8,"minecraft:mutton":1,"regions_unexplored:clover":4,"minecraft:azure_bluet":1,"regions_unexplored:magnolia_log":15,"regions_unexplored:pine_log":30,"minecraft:wooden_axe":47,"minecraft:iron_axe":250,"minecraft:iron_boots":1,"minecraft:furnace":2,"tombstone:gift":6,"minecraft:trapped_chest":1,"minecraft:cooked_beef":8,"minecraft:water_bucket":2,"minecraft:stone_pickaxe":105,"regions_unexplored:peat_dirt":23,"minecraft:wooden_pickaxe":27,"regions_unexplored:peat_coarse_dirt":1,"minecraft:white_wool":17,"minecraft:crafting_table":3,"minecraft:white_bed":3,"minecraft:oxeye_daisy":2,"minecraft:cornflower":4,"minecraft:apple":2,"minecraft:bread":37,"regions_unexplored:larch_log":29,"minecraft:lilac":2,"minecraft:cobblestone":24,"minecraft:porkchop":4,"minecraft:bucket":4,"minecraft:dandelion":4},"minecraft:killed":{"minecraft:spider":13,"alexsmobs:seagull":2,"minecraft:skeleton":5,"minecraft:horse":1,"alexsmobs:bison":3,"minecraft:pig":8,"minecraft:creeper":1,"minecraft:sheep":25,"minecraft:donkey":1,"minecraft:zombie":16,"minecraft:stray":1,"minecraft:cow":9},"minecraft:custom":{"minecraft:interact_with_smithing_table":1,"minecraft:mob_kills":88,"minecraft:interact_with_crafting_table":37,"minecraft:open_barrel":2,"minecraft:damage_dealt_resisted":0,"minecraft:leave_game":4,"minecraft:time_since_death":33186,"minecraft:climb_one_cm":2743,"minecraft:damage_resisted":0,"minecraft:sprint_one_cm":615285,"minecraft:walk_one_cm":356028,"minecraft:drop":17,"minecraft:talked_to_villager":1,"minecraft:play_time":205375,"minecraft:deaths":9,"minecraft:sneak_time":11157,"minecraft:walk_under_water_one_cm":1310,"minecraft:jump":4129,"minecraft:walk_on_water_one_cm":14031,"minecraft:total_world_time":205375,"minecraft:interact_with_furnace":24,"minecraft:sleep_in_bed":9,"minecraft:time_since_rest":6803,"minecraft:damage_taken":4363,"minecraft:damage_dealt":12582,"minecraft:swim_one_cm":3182,"minecraft:fly_one_cm":2243012,"minecraft:open_chest":76,"minecraft:crouch_one_cm":24651,"tombstone:undead_killed":22,"minecraft:interact_with_smoker":1,"minecraft:fall_one_cm":113829},"minecraft:picked_up":{"minecraft:wooden_axe":1,"minecraft:crafting_table":2,"minecraft:azure_bluet":1,"regions_unexplored:magnolia_log":38,"minecraft:enchanted_book":2,"minecraft:cornflower":4,"minecraft:string":22,"minecraft:raw_copper":23,"minecraft:iron_axe":1,"regions_unexplored:pine_log":90,"minecraft:bucket":1,"minecraft:beef":42,"regions_unexplored:larch_log":146,"regions_unexplored:peat_podzol":1,"minecraft:poppy":4,"minecraft:light_gray_wool":2,"minecraft:coal_block":5,"minecraft:chest":1,"regions_unexplored:pine_shrub":2,"minecraft:egg":3,"minecraft:furnace":1,"minecraft:stick":12,"minecraft:raw_iron":4,"apotheosis:gem":1,"minecraft:torch":16,"sophisticatedbackpacks:backpack":1,"minecraft:porkchop":15,"tombstone:grave_dust":3,"regions_unexplored:pink_magnolia_sapling":2,"minecraft:arrow":5,"minecraft:rotten_flesh":13,"minecraft:iron_block":2,"regions_unexplored:peat_coarse_dirt":1,"minecraft:gold_ingot":2,"minecraft:mutton":35,"minecraft:white_wool":38,"minecraft:cobblestone":48,"minecraft:oxeye_daisy":2,"regions_unexplored:peat_dirt":27,"minecraft:feather":4,"minecraft:lilac":3,"minecraft:leather":8,"alexsmobs:bison_fur":3,"minecraft:oak_log":1,"minecraft:gunpowder":2,"minecraft:dirt":8,"minecraft:bone":5,"minecraft:bow":2,"minecraft:wheat_seeds":7,"minecraft:iron_ingot":2,"regions_unexplored:larch_sapling":4,"minecraft:iron_sword":4,"regions_unexplored:white_magnolia_sapling":1,"regions_unexplored:pine_sapling":4,"minecraft:dandelion":5,"minecraft:white_bed":2,"minecraft:trapped_chest":1,"minecraft:spider_eye":3,"minecraft:iron_helmet":1,"regions_unexplored:clover":7,"minecraft:crossbow":1,"minecraft:gray_wool":1,"minecraft:emerald":3,"tombstone:magic_scroll":1,"minecraft:coal":68},"minecraft:mined":{"minecraft:white_bed":2,"regions_unexplored:magnolia_log":38,"minecraft:grass_block":6,"regions_unexplored:pine_shrub":2,"minecraft:coal_block":5,"minecraft:oxeye_daisy":2,"regions_unexplored:stone_bud":1,"minecraft:furnace":1,"minecraft:iron_ore":4,"regions_unexplored:larch_leaves":33,"minecraft:azure_bluet":1,"regions_unexplored:pine_leaves":6,"regions_unexplored:medium_grass":4,"regions_unexplored:larch_log":150,"minecraft:stone":40,"minecraft:iron_block":2,"minecraft:white_wool":17,"regions_unexplored:peat_coarse_dirt":1,"regions_unexplored:white_magnolia_leaves":3,"minecraft:dandelion":5,"minecraft:crafting_table":2,"minecraft:cornflower":4,"minecraft:torch":13,"regions_unexplored:peat_grass_block":4,"minecraft:poppy":4,"regions_unexplored:pink_magnolia_leaves":2,"minecraft:chest":1,"minecraft:copper_ore":5,"minecraft:tall_grass":2,"minecraft:cobblestone":2,"minecraft:wall_torch":4,"regions_unexplored:pine_log":90,"minecraft:trapped_chest":1,"minecraft:lilac":3,"minecraft:grass":7,"minecraft:oak_log":1,"minecraft:coal_ore":68,"regions_unexplored:peat_dirt":2,"minecraft:dirt":3,"regions_unexplored:clover":2,"minecraft:cobweb":7,"regions_unexplored:peat_podzol":1,"minecraft:fern":1}},"DataVersion":3465}