{"stats":{"minecraft:crafted":{"minecraft:cooked_beef":2,"minecraft:crafting_table":1,"minecraft:stick":4,"minecraft:wooden_pickaxe":1,"minecraft:wooden_axe":1,"minecraft:furnace":1,"minecraft:white_bed":1,"regions_unexplored:magnolia_planks":16,"minecraft:air":0},"minecraft:dropped":{"minecraft:wheat_seeds":2,"regions_unexplored:clover":3,"minecraft:string":4},"minecraft:picked_up":{"minecraft:crafting_table":1,"regions_unexplored:magnolia_log":20,"minecraft:leather":1,"minecraft:string":4,"regions_unexplored:pink_magnolia_sapling":1,"minecraft:wheat_seeds":2,"regions_unexplored:clover":7,"minecraft:beef":6,"minecraft:light_gray_wool":1,"minecraft:mutton":6,"minecraft:white_wool":3,"minecraft:cobblestone":12},"minecraft:mined":{"regions_unexplored:white_magnolia_leaves":3,"regions_unexplored:magnolia_log":21,"minecraft:crafting_table":1,"minecraft:grass":2,"regions_unexplored:pink_magnolia_leaves":2,"regions_unexplored:clover":2,"regions_unexplored:medium_grass":1,"minecraft:stone":12},"minecraft:used":{"minecraft:wooden_axe":22,"minecraft:wooden_pickaxe":12,"minecraft:crafting_table":2,"minecraft:furnace":1,"tombstone:gift":2,"regions_unexplored:clover":4,"minecraft:white_bed":1,"minecraft:cooked_beef":2},"minecraft:killed":{"minecraft:sheep":4,"minecraft:spider":2,"minecraft:cow":3},"minecraft:custom":{"minecraft:time_since_rest":15502,"minecraft:interact_with_furnace":2,"minecraft:sprint_one_cm":76181,"minecraft:damage_taken":630,"minecraft:walk_one_cm":49960,"minecraft:mob_kills":9,"minecraft:drop":8,"minecraft:damage_dealt":982,"minecraft:interact_with_crafting_table":4,"minecraft:fly_one_cm":79580,"minecraft:crouch_one_cm":3955,"minecraft:play_time":67108,"minecraft:deaths":2,"minecraft:sneak_time":1002,"minecraft:jump":431,"minecraft:damage_dealt_resisted":0,"minecraft:leave_game":3,"minecraft:time_since_death":16476,"minecraft:total_world_time":67108,"minecraft:fall_one_cm":15077},"minecraft:killed_by":{"minecraft:skeleton":1,"minecraft:zombie":1}},"DataVersion":3465}