{"stats":{"minecraft:killed_by":{"minecraft:skeleton":1},"minecraft:custom":{"minecraft:jump":232,"minecraft:open_chest":3,"minecraft:time_since_rest":8175,"minecraft:damage_dealt":192,"minecraft:damage_taken":450,"minecraft:leave_game":1,"minecraft:play_time":14435,"minecraft:sprint_one_cm":32982,"minecraft:time_since_death":8811,"minecraft:walk_one_cm":16968,"minecraft:deaths":2,"minecraft:sleep_in_bed":1,"minecraft:sneak_time":4,"minecraft:total_world_time":14435,"minecraft:fall_one_cm":6891,"minecraft:fly_one_cm":35681}},"DataVersion":3465}