{"stats":{"minecraft:mined":{"minecraft:white_bed":2,"regions_unexplored:stripped_larch_log":35,"minecraft:deepslate_diamond_ore":14,"regions_unexplored:magnolia_log":38,"regions_unexplored:larch_planks":9,"minecraft:granite":14,"minecraft:grass_block":9,"regions_unexplored:pine_shrub":2,"regions_unexplored:purple_coneflower":1,"regions_unexplored:larch_stairs":1,"minecraft:coal_block":5,"minecraft:oxeye_daisy":2,"minecraft:large_fern":2,"minecraft:redstone_ore":4,"regions_unexplored:stone_bud":1,"minecraft:furnace":3,"minecraft:iron_ore":181,"minecraft:cobbled_deepslate":1,"minecraft:andesite":7,"minecraft:deepslate_lapis_ore":12,"regions_unexplored:larch_leaves":54,"minecraft:azure_bluet":1,"regions_unexplored:pine_leaves":43,"minecraft:potatoes":29,"minecraft:shroomlight":4,"minecraft:deepslate_iron_ore":63,"regions_unexplored:medium_grass":11,"regions_unexplored:larch_log":368,"minecraft:iron_block":2,"minecraft:stone":505,"minecraft:white_wool":17,"regions_unexplored:peat_coarse_dirt":1,"minecraft:deepslate_redstone_ore":21,"regions_unexplored:white_magnolia_leaves":3,"regions_unexplored:larch_trapdoor":1,"minecraft:dandelion":5,"minecraft:cornflower":4,"minecraft:crafting_table":3,"minecraft:torch":38,"regions_unexplored:peat_grass_block":278,"regions_unexplored:pink_magnolia_leaves":2,"minecraft:poppy":4,"minecraft:chest":1,"minecraft:glass":1,"minecraft:copper_ore":78,"minecraft:tall_grass":3,"minecraft:cobblestone":4,"minecraft:deepslate_coal_ore":4,"minecraft:deepslate_gold_ore":49,"minecraft:lapis_ore":17,"minecraft:diorite":6,"minecraft:wall_torch":21,"regions_unexplored:pine_log":111,"minecraft:deepslate_copper_ore":14,"minecraft:trapped_chest":1,"minecraft:birch_log":2,"minecraft:lilac":3,"minecraft:grass":10,"minecraft:coal_ore":110,"minecraft:oak_log":5,"regions_unexplored:peat_dirt":265,"minecraft:gravel":2,"minecraft:sand":104,"minecraft:dirt":8,"minecraft:cobweb":72,"regions_unexplored:clover":2,"regions_unexplored:stripped_pine_log":1,"minecraft:gold_ore":8,"minecraft:deepslate":65,"regions_unexplored:magnolia_planks":18,"minecraft:oak_leaves":17,"regions_unexplored:peat_podzol":37,"minecraft:fern":3,"regions_unexplored:larch_shrub":1},"minecraft:picked_up":{"minecraft:wooden_axe":1,"minecraft:crafting_table":3,"minecraft:azure_bluet":1,"minecraft:chicken":1,"regions_unexplored:larch_planks":9,"minecraft:turtle_helmet":2,"regions_unexplored:magnolia_log":38,"minecraft:leather_leggings":1,"minecraft:enchanted_book":2,"minecraft:cornflower":4,"minecraft:string":98,"minecraft:raw_copper":359,"minecraft:iron_axe":1,"minecraft:shroomlight":4,"regions_unexplored:stripped_pine_log":1,"regions_unexplored:pine_log":111,"minecraft:cobbled_deepslate":66,"minecraft:bucket":1,"minecraft:beef":43,"regions_unexplored:larch_log":363,"regions_unexplored:peat_podzol":35,"minecraft:poppy":4,"minecraft:iron_pickaxe":1,"minecraft:light_gray_wool":2,"alexsmobs:raccoon_tail":1,"minecraft:coal_block":9,"minecraft:chest":1,"minecraft:birch_sapling":2,"regions_unexplored:pine_shrub":2,"minecraft:furnace":3,"minecraft:iron_boots":1,"minecraft:egg":4,"minecraft:raw_iron":244,"minecraft:stick":34,"apotheosis:gem":3,"minecraft:torch":61,"sophisticatedbackpacks:backpack":1,"minecraft:porkchop":15,"tombstone:grave_dust":26,"minecraft:diorite":6,"minecraft:redstone":107,"regions_unexplored:pink_magnolia_sapling":2,"regions_unexplored:purple_coneflower":4,"minecraft:arrow":19,"minecraft:rotten_flesh":51,"minecraft:iron_block":2,"minecraft:gold_ingot":2,"tombstone:essence_of_undeath":1,"regions_unexplored:peat_coarse_dirt":1,"sophisticatedbackpacks:copper_backpack":1,"minecraft:mutton":35,"minecraft:white_wool":38,"minecraft:cobblestone":523,"minecraft:oxeye_daisy":2,"minecraft:birch_log":2,"regions_unexplored:peat_dirt":564,"minecraft:feather":6,"minecraft:lilac":3,"minecraft:andesite":6,"minecraft:leather":9,"minecraft:potato":109,"alexsmobs:bison_fur":3,"minecraft:oak_log":5,"minecraft:gunpowder":6,"minecraft:lapis_lazuli":199,"minecraft:dirt":18,"minecraft:name_tag":1,"minecraft:bone":20,"regions_unexplored:stripped_larch_log":35,"minecraft:bow":5,"minecraft:wheat_seeds":13,"regions_unexplored:magnolia_planks":17,"minecraft:raw_gold":55,"minecraft:iron_ingot":2,"regions_unexplored:larch_trapdoor":1,"regions_unexplored:larch_sapling":44,"regions_unexplored:larch_shrub":2,"minecraft:iron_sword":6,"regions_unexplored:larch_stairs":1,"regions_unexplored:white_magnolia_sapling":1,"regions_unexplored:pine_sapling":9,"minecraft:dandelion":5,"minecraft:gravel":3,"minecraft:sand":102,"minecraft:white_bed":2,"minecraft:trapped_chest":1,"minecraft:spider_eye":7,"minecraft:bundle":2,"minecraft:diamond":14,"minecraft:chainmail_leggings":1,"regions_unexplored:clover":7,"minecraft:iron_helmet":1,"minecraft:crossbow":1,"minecraft:granite":14,"minecraft:gray_wool":1,"minecraft:emerald":3,"alexsmobs:maggot":2,"tombstone:magic_scroll":2,"minecraft:oak_sapling":2,"regions_unexplored:larch_boat":1,"minecraft:coal":114},"minecraft:broken":{"minecraft:iron_shovel":2,"minecraft:iron_boots":1,"minecraft:iron_chestplate":1,"aether:iron_gloves":1,"minecraft:stone_pickaxe":1,"minecraft:iron_axe":2,"minecraft:iron_sword":2,"minecraft:iron_pickaxe":4,"minecraft:iron_helmet":1,"minecraft:wooden_axe":1},"minecraft:crafted":{"minecraft:oak_planks":12,"minecraft:furnace":17,"regions_unexplored:larch_planks":168,"minecraft:bone_meal":30,"minecraft:cooked_mutton":28,"minecraft:glass":72,"minecraft:iron_boots":2,"sophisticatedbackpacks:copper_backpack":1,"minecraft:iron_axe":3,"minecraft:iron_hoe":1,"minecraft:stone_pickaxe":1,"minecraft:chest":16,"regions_unexplored:magnolia_planks":80,"regions_unexplored:larch_stairs":16,"minecraft:smoker":8,"sophisticatedbackpacks:iron_backpack":2,"minecraft:cooked_beef":30,"regions_unexplored:larch_boat":1,"minecraft:coal_block":10,"sophisticatedbackpacks:backpack":1,"minecraft:crafting_table":6,"minecraft:iron_helmet":1,"minecraft:wooden_pickaxe":1,"minecraft:baked_potato":34,"regions_unexplored:larch_trapdoor":2,"minecraft:copper_ingot":72,"minecraft:bucket":1,"minecraft:air":0,"regions_unexplored:pine_planks":8,"minecraft:iron_chestplate":2,"minecraft:diamond_pickaxe":1,"minecraft:stick":36,"minecraft:iron_ingot":261,"minecraft:iron_pickaxe":5,"minecraft:wooden_axe":1,"minecraft:iron_leggings":1,"minecraft:iron_shovel":3,"minecraft:gold_ingot":55,"minecraft:white_bed":1,"minecraft:torch":96},"minecraft:used":{"minecraft:iron_shovel":685,"minecraft:poppy":4,"minecraft:chest":14,"minecraft:iron_sword":634,"minecraft:rotten_flesh":12,"minecraft:torch":122,"minecraft:dirt":8,"minecraft:mutton":3,"minecraft:shroomlight":3,"minecraft:glass":49,"minecraft:wooden_axe":47,"regions_unexplored:clover":4,"regions_unexplored:magnolia_log":15,"minecraft:azure_bluet":1,"minecraft:iron_hoe":40,"regions_unexplored:pine_log":86,"minecraft:iron_axe":737,"minecraft:iron_boots":1,"regions_unexplored:larch_planks":92,"minecraft:furnace":11,"minecraft:trapped_chest":1,"minecraft:potato":65,"tombstone:gift":8,"minecraft:cooked_beef":29,"minecraft:cobbled_deepslate":27,"minecraft:cooked_mutton":27,"minecraft:water_bucket":29,"minecraft:diorite":4,"minecraft:stone_pickaxe":132,"minecraft:baked_potato":9,"regions_unexplored:peat_dirt":262,"minecraft:wooden_pickaxe":27,"regions_unexplored:larch_boat":2,"regions_unexplored:peat_coarse_dirt":1,"minecraft:white_wool":17,"regions_unexplored:peat_podzol":4,"minecraft:crafting_table":8,"minecraft:white_bed":3,"regions_unexplored:magnolia_planks":34,"minecraft:smoker":8,"minecraft:oak_log":2,"regions_unexplored:larch_trapdoor":2,"minecraft:oxeye_daisy":2,"minecraft:cornflower":4,"minecraft:apple":2,"minecraft:bread":40,"regions_unexplored:larch_stairs":13,"minecraft:iron_pickaxe":1043,"regions_unexplored:larch_log":233,"tombstone:grave_key":2,"minecraft:gravel":3,"minecraft:lilac":2,"minecraft:cobblestone":38,"minecraft:porkchop":4,"minecraft:bucket":30,"minecraft:dandelion":4,"minecraft:bone_meal":30},"minecraft:custom":{"minecraft:interact_with_smithing_table":1,"minecraft:mob_kills":164,"minecraft:interact_with_crafting_table":85,"minecraft:open_barrel":2,"minecraft:damage_dealt_resisted":375,"minecraft:leave_game":6,"minecraft:time_since_death":147970,"minecraft:climb_one_cm":2743,"minecraft:damage_resisted":0,"minecraft:sprint_one_cm":1243811,"minecraft:walk_one_cm":893770,"minecraft:drop":92,"minecraft:damage_dealt_absorbed":81,"minecraft:talked_to_villager":7,"minecraft:play_time":441190,"minecraft:deaths":17,"minecraft:sneak_time":40275,"minecraft:walk_under_water_one_cm":34290,"minecraft:boat_one_cm":6964,"minecraft:jump":8738,"minecraft:walk_on_water_one_cm":31931,"minecraft:total_world_time":441190,"minecraft:interact_with_furnace":95,"minecraft:sleep_in_bed":22,"minecraft:time_since_rest":6956,"minecraft:damage_taken":10244,"minecraft:damage_dealt":26544,"minecraft:swim_one_cm":26997,"minecraft:fly_one_cm":3022150,"minecraft:open_chest":166,"minecraft:crouch_one_cm":115316,"tombstone:undead_killed":74,"minecraft:fall_one_cm":212951,"minecraft:interact_with_smoker":1},"minecraft:killed_by":{"minecraft:stray":1,"minecraft:creeper":1,"minecraft:spider":1,"alexsmobs:bison":2,"alexsmobs:centipede_head":1,"minecraft:skeleton":5,"minecraft:witch":1,"minecraft:zombie":3},"minecraft:dropped":{"minecraft:iron_ingot":64,"regions_unexplored:magnolia_planks":1,"minecraft:iron_sword":3,"minecraft:wheat_seeds":3,"minecraft:diamond":10,"minecraft:feather":4,"minecraft:cobblestone":19,"minecraft:leather":1,"minecraft:granite":12,"alexsmobs:bison_fur":3,"minecraft:stick":4,"minecraft:dirt":6,"minecraft:diorite":2,"minecraft:wooden_axe":1,"regions_unexplored:purple_coneflower":2,"tombstone:grave_dust":9,"minecraft:iron_axe":1,"minecraft:iron_pickaxe":1,"minecraft:chainmail_leggings":1,"minecraft:string":72,"minecraft:bone":10,"alexsmobs:maggot":2,"regions_unexplored:larch_shrub":2,"minecraft:cobbled_deepslate":39,"minecraft:raw_copper":31,"minecraft:wheat":2,"minecraft:chicken":1,"minecraft:rotten_flesh":38,"regions_unexplored:clover":3,"sophisticatedbackpacks:backpack":1,"minecraft:name_tag":1,"minecraft:potato":1,"minecraft:gunpowder":15,"minecraft:bundle":1,"minecraft:andesite":4,"minecraft:oak_sapling":2,"minecraft:leather_leggings":1,"minecraft:spider_eye":6,"minecraft:arrow":16,"minecraft:bow":4},"minecraft:killed":{"minecraft:cave_spider":3,"alexsmobs:raccoon":1,"minecraft:spider":20,"alexsmobs:seagull":3,"minecraft:horse":1,"minecraft:skeleton":23,"minecraft:chicken":1,"alexsmobs:bison":3,"minecraft:pig":8,"minecraft:creeper":2,"minecraft:sheep":25,"minecraft:trader_llama":1,"alexsmobs:cockroach":1,"minecraft:donkey":1,"minecraft:zombie":50,"minecraft:stray":1,"alexsmobs:fly":2,"minecraft:cow":10}},"DataVersion":3465}