{"stats":{"minecraft:crafted":{"minecraft:oak_planks":4,"minecraft:furnace":2,"regions_unexplored:larch_planks":16,"minecraft:cooked_mutton":28,"minecraft:iron_boots":1,"minecraft:iron_axe":1,"minecraft:stone_pickaxe":1,"minecraft:chest":5,"regions_unexplored:magnolia_planks":44,"minecraft:cooked_beef":30,"sophisticatedbackpacks:backpack":1,"minecraft:crafting_table":2,"minecraft:iron_helmet":1,"minecraft:wooden_pickaxe":1,"minecraft:bucket":1,"minecraft:air":0,"regions_unexplored:pine_planks":8,"minecraft:iron_chestplate":1,"minecraft:stick":28,"minecraft:iron_ingot":32,"minecraft:iron_pickaxe":2,"minecraft:wooden_axe":1,"minecraft:white_bed":1,"minecraft:torch":96},"minecraft:dropped":{"minecraft:iron_sword":1,"minecraft:wheat_seeds":3,"minecraft:diamond":1,"minecraft:feather":2,"minecraft:cobblestone":9,"alexsmobs:bison_fur":3,"minecraft:stick":4,"minecraft:diorite":1,"minecraft:wooden_axe":1,"tombstone:grave_dust":9,"minecraft:iron_axe":1,"minecraft:string":8,"minecraft:bone":10,"minecraft:cobbled_deepslate":11,"minecraft:raw_copper":31,"minecraft:wheat":2,"minecraft:rotten_flesh":22,"regions_unexplored:clover":3,"sophisticatedbackpacks:backpack":1,"minecraft:name_tag":1,"minecraft:gunpowder":12,"minecraft:bundle":1,"minecraft:spider_eye":1,"minecraft:arrow":3,"minecraft:bow":1},"minecraft:picked_up":{"minecraft:wooden_axe":1,"minecraft:crafting_table":2,"minecraft:azure_bluet":1,"regions_unexplored:magnolia_log":38,"minecraft:enchanted_book":2,"minecraft:cornflower":4,"minecraft:string":28,"minecraft:raw_copper":359,"minecraft:iron_axe":1,"minecraft:cobbled_deepslate":18,"regions_unexplored:pine_log":90,"minecraft:bucket":1,"minecraft:beef":42,"regions_unexplored:larch_log":146,"regions_unexplored:peat_podzol":1,"minecraft:poppy":4,"minecraft:iron_pickaxe":1,"minecraft:light_gray_wool":2,"minecraft:coal_block":5,"minecraft:chest":1,"regions_unexplored:pine_shrub":2,"minecraft:furnace":1,"minecraft:iron_boots":1,"minecraft:egg":3,"minecraft:stick":12,"minecraft:raw_iron":151,"apotheosis:gem":2,"minecraft:torch":20,"sophisticatedbackpacks:backpack":1,"minecraft:porkchop":15,"tombstone:grave_dust":23,"minecraft:diorite":2,"minecraft:redstone":76,"regions_unexplored:pink_magnolia_sapling":2,"minecraft:arrow":14,"minecraft:rotten_flesh":35,"minecraft:iron_block":2,"regions_unexplored:peat_coarse_dirt":1,"sophisticatedbackpacks:copper_backpack":1,"minecraft:gold_ingot":2,"minecraft:mutton":35,"minecraft:white_wool":38,"minecraft:cobblestone":70,"minecraft:oxeye_daisy":2,"regions_unexplored:peat_dirt":27,"minecraft:feather":4,"minecraft:lilac":3,"minecraft:leather":8,"alexsmobs:bison_fur":3,"minecraft:oak_log":1,"minecraft:gunpowder":6,"minecraft:lapis_lazuli":130,"minecraft:dirt":8,"minecraft:name_tag":1,"minecraft:bone":20,"minecraft:bow":5,"minecraft:wheat_seeds":7,"minecraft:raw_gold":29,"minecraft:iron_ingot":2,"regions_unexplored:larch_sapling":4,"minecraft:iron_sword":4,"regions_unexplored:white_magnolia_sapling":1,"regions_unexplored:pine_sapling":4,"minecraft:dandelion":5,"minecraft:gravel":3,"minecraft:white_bed":2,"minecraft:trapped_chest":1,"minecraft:spider_eye":3,"minecraft:bundle":2,"minecraft:diamond":3,"regions_unexplored:clover":7,"minecraft:iron_helmet":1,"minecraft:crossbow":1,"minecraft:gray_wool":1,"minecraft:emerald":3,"tombstone:magic_scroll":2,"minecraft:coal":90},"minecraft:mined":{"minecraft:white_bed":2,"minecraft:deepslate_diamond_ore":3,"regions_unexplored:magnolia_log":38,"minecraft:grass_block":6,"regions_unexplored:pine_shrub":2,"minecraft:coal_block":5,"minecraft:oxeye_daisy":2,"minecraft:redstone_ore":2,"regions_unexplored:stone_bud":1,"minecraft:furnace":1,"minecraft:iron_ore":104,"minecraft:deepslate_lapis_ore":10,"regions_unexplored:larch_leaves":33,"minecraft:azure_bluet":1,"regions_unexplored:pine_leaves":6,"minecraft:deepslate_iron_ore":47,"regions_unexplored:medium_grass":4,"regions_unexplored:larch_log":150,"minecraft:stone":54,"minecraft:iron_block":2,"minecraft:white_wool":17,"regions_unexplored:peat_coarse_dirt":1,"minecraft:deepslate_redstone_ore":15,"regions_unexplored:white_magnolia_leaves":3,"minecraft:dandelion":5,"minecraft:crafting_table":2,"minecraft:cornflower":4,"minecraft:torch":17,"regions_unexplored:peat_grass_block":4,"regions_unexplored:pink_magnolia_leaves":2,"minecraft:poppy":4,"minecraft:chest":1,"minecraft:copper_ore":78,"minecraft:tall_grass":2,"minecraft:cobblestone":2,"minecraft:deepslate_coal_ore":4,"minecraft:lapis_ore":9,"minecraft:deepslate_gold_ore":21,"minecraft:diorite":2,"minecraft:wall_torch":4,"regions_unexplored:pine_log":90,"minecraft:deepslate_copper_ore":14,"minecraft:trapped_chest":1,"minecraft:lilac":3,"minecraft:grass":7,"minecraft:oak_log":1,"minecraft:coal_ore":86,"regions_unexplored:peat_dirt":2,"minecraft:gravel":2,"minecraft:dirt":3,"regions_unexplored:clover":2,"minecraft:cobweb":7,"minecraft:gold_ore":8,"minecraft:deepslate":18,"regions_unexplored:peat_podzol":1,"minecraft:fern":1},"minecraft:used":{"minecraft:poppy":4,"minecraft:chest":3,"minecraft:iron_sword":430,"minecraft:rotten_flesh":12,"minecraft:torch":42,"minecraft:dirt":8,"minecraft:mutton":1,"regions_unexplored:clover":4,"regions_unexplored:magnolia_log":15,"minecraft:azure_bluet":1,"regions_unexplored:pine_log":30,"minecraft:wooden_axe":47,"minecraft:iron_axe":250,"minecraft:iron_boots":1,"minecraft:furnace":2,"tombstone:gift":8,"minecraft:trapped_chest":1,"minecraft:cooked_beef":27,"minecraft:cobbled_deepslate":7,"minecraft:water_bucket":2,"minecraft:diorite":1,"minecraft:stone_pickaxe":132,"regions_unexplored:peat_dirt":23,"minecraft:wooden_pickaxe":27,"regions_unexplored:peat_coarse_dirt":1,"minecraft:white_wool":17,"minecraft:crafting_table":3,"minecraft:white_bed":3,"minecraft:oxeye_daisy":2,"minecraft:cornflower":4,"minecraft:apple":2,"minecraft:bread":37,"minecraft:iron_pickaxe":334,"regions_unexplored:larch_log":29,"minecraft:gravel":3,"minecraft:lilac":2,"minecraft:cobblestone":28,"minecraft:porkchop":4,"minecraft:bucket":4,"minecraft:dandelion":4},"minecraft:broken":{"minecraft:iron_boots":1,"minecraft:iron_chestplate":1,"aether:iron_gloves":1,"minecraft:stone_pickaxe":1,"minecraft:iron_axe":1,"minecraft:iron_sword":1,"minecraft:iron_pickaxe":1,"minecraft:wooden_axe":1},"minecraft:killed":{"minecraft:spider":16,"alexsmobs:seagull":2,"minecraft:skeleton":21,"minecraft:horse":1,"alexsmobs:bison":3,"minecraft:pig":8,"minecraft:creeper":2,"minecraft:sheep":25,"minecraft:zombie":31,"minecraft:donkey":1,"alexsmobs:cockroach":1,"minecraft:stray":1,"minecraft:cow":9},"minecraft:custom":{"minecraft:interact_with_smithing_table":1,"minecraft:mob_kills":127,"minecraft:interact_with_crafting_table":41,"minecraft:open_barrel":2,"minecraft:damage_dealt_resisted":375,"minecraft:leave_game":5,"minecraft:time_since_death":3657,"minecraft:climb_one_cm":2743,"minecraft:damage_resisted":0,"minecraft:sprint_one_cm":795324,"minecraft:walk_one_cm":477020,"minecraft:drop":45,"minecraft:damage_dealt_absorbed":81,"minecraft:talked_to_villager":2,"minecraft:play_time":262711,"minecraft:deaths":12,"minecraft:sneak_time":19453,"minecraft:walk_under_water_one_cm":2119,"minecraft:jump":5552,"minecraft:walk_on_water_one_cm":14179,"minecraft:total_world_time":262711,"minecraft:interact_with_furnace":36,"minecraft:sleep_in_bed":10,"minecraft:time_since_rest":1258,"minecraft:damage_taken":6749,"minecraft:damage_dealt":20180,"minecraft:swim_one_cm":3961,"minecraft:fly_one_cm":2516206,"minecraft:open_chest":76,"minecraft:crouch_one_cm":51614,"tombstone:undead_killed":53,"minecraft:interact_with_smoker":1,"minecraft:fall_one_cm":149405},"minecraft:killed_by":{"minecraft:stray":1,"minecraft:creeper":1,"minecraft:spider":1,"alexsmobs:bison":2,"minecraft:skeleton":3,"minecraft:zombie":3}},"DataVersion":3465}