{"stats":{"minecraft:picked_up":{"minecraft:enchanted_book":1,"minecraft:oak_slab":1,"minecraft:oak_planks":4},"minecraft:custom":{"minecraft:jump":145,"minecraft:time_since_rest":194,"minecraft:damage_dealt":8,"minecraft:crouch_one_cm":2,"minecraft:deaths":2,"minecraft:sprint_one_cm":18691,"minecraft:play_time":16263,"minecraft:damage_taken":540,"minecraft:time_since_death":0,"minecraft:walk_one_cm":8552,"minecraft:sneak_time":6,"minecraft:trigger_trapped_chest":1,"minecraft:total_world_time":16263,"minecraft:fall_one_cm":3356,"minecraft:fly_one_cm":37914,"minecraft:player_kills":1},"minecraft:killed_by":{"minecraft:husk":1}},"DataVersion":3465}