{"stats":{"minecraft:picked_up":{"minecraft:string":2},"minecraft:mined":{"regions_unexplored:white_magnolia_leaves":1},"minecraft:killed":{"minecraft:spider":1},"minecraft:custom":{"minecraft:jump":324,"minecraft:time_since_rest":3502,"minecraft:damage_dealt":202,"minecraft:deaths":2,"minecraft:crouch_one_cm":169,"minecraft:leave_game":3,"minecraft:play_time":55108,"minecraft:sprint_one_cm":56883,"minecraft:damage_taken":460,"minecraft:time_since_death":4476,"minecraft:walk_one_cm":36023,"minecraft:sneak_time":159,"minecraft:total_world_time":55108,"minecraft:mob_kills":1,"minecraft:fall_one_cm":12257,"minecraft:fly_one_cm":62217,"minecraft:damage_dealt_resisted":0},"minecraft:killed_by":{"minecraft:zombie":1,"minecraft:skeleton":1}},"DataVersion":3465}