{"stats":{"minecraft:used":{"minecraft:stone_pickaxe":73,"regions_unexplored:peat_dirt":23,"minecraft:chest":3,"minecraft:wooden_pickaxe":27,"minecraft:iron_sword":242,"minecraft:rotten_flesh":9,"minecraft:white_wool":17,"minecraft:torch":16,"minecraft:dirt":8,"minecraft:mutton":1,"minecraft:crafting_table":3,"minecraft:white_bed":3,"regions_unexplored:clover":4,"regions_unexplored:magnolia_log":15,"regions_unexplored:pine_log":30,"minecraft:wooden_axe":47,"minecraft:iron_axe":250,"minecraft:bread":37,"regions_unexplored:larch_log":29,"minecraft:iron_boots":1,"minecraft:cobblestone":16,"minecraft:porkchop":4,"tombstone:gift":6,"minecraft:furnace":1,"minecraft:trapped_chest":1,"minecraft:cooked_beef":5},"minecraft:mined":{"minecraft:white_bed":2,"regions_unexplored:white_magnolia_leaves":3,"regions_unexplored:magnolia_log":38,"minecraft:crafting_table":2,"minecraft:torch":10,"minecraft:grass_block":6,"regions_unexplored:pink_magnolia_leaves":2,"regions_unexplored:pine_shrub":2,"minecraft:chest":1,"minecraft:tall_grass":2,"minecraft:wall_torch":1,"regions_unexplored:pine_log":90,"minecraft:trapped_chest":1,"minecraft:furnace":1,"minecraft:iron_ore":1,"regions_unexplored:larch_leaves":33,"regions_unexplored:pine_leaves":6,"minecraft:grass":7,"minecraft:coal_ore":62,"minecraft:oak_log":1,"regions_unexplored:peat_dirt":2,"minecraft:dirt":3,"regions_unexplored:clover":2,"regions_unexplored:medium_grass":3,"regions_unexplored:larch_log":150,"minecraft:stone":30,"minecraft:iron_block":2,"minecraft:white_wool":17,"regions_unexplored:peat_podzol":1,"minecraft:fern":1},"minecraft:killed":{"minecraft:pig":8,"minecraft:spider":12,"alexsmobs:seagull":2,"minecraft:creeper":1,"minecraft:horse":1,"minecraft:sheep":25,"minecraft:skeleton":5,"minecraft:zombie":16,"minecraft:donkey":1,"minecraft:stray":1,"alexsmobs:bison":3,"minecraft:cow":9},"minecraft:dropped":{"minecraft:wheat_seeds":3,"minecraft:feather":2,"regions_unexplored:clover":3,"alexsmobs:bison_fur":3,"minecraft:wooden_axe":1,"minecraft:spider_eye":1,"minecraft:iron_axe":1,"minecraft:string":4},"minecraft:crafted":{"minecraft:cooked_beef":5,"minecraft:oak_planks":4,"minecraft:crafting_table":2,"minecraft:iron_helmet":1,"minecraft:wooden_pickaxe":1,"minecraft:furnace":1,"regions_unexplored:larch_planks":12,"minecraft:air":0,"regions_unexplored:pine_planks":8,"minecraft:iron_boots":1,"minecraft:iron_chestplate":1,"minecraft:iron_axe":1,"minecraft:stick":20,"minecraft:iron_ingot":18,"minecraft:stone_pickaxe":1,"minecraft:wooden_axe":1,"minecraft:chest":4,"minecraft:white_bed":1,"minecraft:torch":32,"regions_unexplored:magnolia_planks":40},"minecraft:broken":{"minecraft:iron_axe":1,"minecraft:wooden_axe":1},"minecraft:picked_up":{"minecraft:wooden_axe":1,"regions_unexplored:peat_dirt":23,"minecraft:crafting_table":2,"minecraft:feather":4,"regions_unexplored:magnolia_log":38,"minecraft:leather":8,"alexsmobs:bison_fur":3,"minecraft:enchanted_book":2,"minecraft:oak_log":1,"minecraft:gunpowder":2,"minecraft:dirt":8,"minecraft:string":15,"minecraft:iron_axe":1,"minecraft:bone":5,"minecraft:bow":2,"minecraft:wheat_seeds":7,"regions_unexplored:pine_log":90,"minecraft:bucket":1,"minecraft:iron_ingot":2,"minecraft:beef":42,"regions_unexplored:larch_log":146,"regions_unexplored:larch_sapling":4,"regions_unexplored:peat_podzol":1,"minecraft:light_gray_wool":2,"minecraft:chest":1,"minecraft:iron_sword":2,"regions_unexplored:pine_shrub":2,"minecraft:furnace":1,"minecraft:egg":3,"minecraft:raw_iron":1,"minecraft:stick":12,"apotheosis:gem":1,"regions_unexplored:white_magnolia_sapling":1,"regions_unexplored:pine_sapling":4,"minecraft:torch":10,"minecraft:porkchop":15,"tombstone:grave_dust":3,"minecraft:white_bed":2,"minecraft:trapped_chest":1,"minecraft:spider_eye":3,"regions_unexplored:pink_magnolia_sapling":2,"minecraft:arrow":5,"minecraft:rotten_flesh":13,"regions_unexplored:clover":7,"minecraft:iron_helmet":1,"minecraft:iron_block":2,"minecraft:crossbow":1,"minecraft:gray_wool":1,"minecraft:gold_ingot":2,"minecraft:emerald":3,"tombstone:magic_scroll":1,"minecraft:mutton":35,"minecraft:coal":62,"minecraft:white_wool":38,"minecraft:cobblestone":37},"minecraft:killed_by":{"minecraft:skeleton":2,"minecraft:stray":1,"minecraft:creeper":1,"minecraft:spider":1,"minecraft:zombie":1,"alexsmobs:bison":2},"minecraft:custom":{"minecraft:interact_with_furnace":14,"minecraft:mob_kills":87,"minecraft:interact_with_crafting_table":29,"minecraft:open_barrel":2,"minecraft:damage_dealt_resisted":0,"minecraft:leave_game":4,"minecraft:time_since_death":3463,"minecraft:damage_resisted":0,"minecraft:sleep_in_bed":7,"minecraft:climb_one_cm":1628,"minecraft:time_since_rest":3338,"minecraft:sprint_one_cm":493648,"minecraft:damage_taken":4241,"minecraft:walk_one_cm":295880,"minecraft:drop":14,"minecraft:damage_dealt":12422,"minecraft:swim_one_cm":3182,"minecraft:fly_one_cm":671812,"minecraft:talked_to_villager":1,"minecraft:open_chest":45,"minecraft:play_time":175652,"minecraft:crouch_one_cm":22259,"tombstone:undead_killed":22,"minecraft:deaths":9,"minecraft:sneak_time":9842,"minecraft:walk_under_water_one_cm":737,"minecraft:jump":3317,"minecraft:walk_on_water_one_cm":8489,"minecraft:total_world_time":175652,"minecraft:interact_with_smoker":1,"minecraft:fall_one_cm":92306}},"DataVersion":3465}