{"stats":{"minecraft:crafted":{"minecraft:cooked_beef":5,"minecraft:crafting_table":2,"minecraft:iron_helmet":1,"minecraft:wooden_pickaxe":1,"minecraft:furnace":1,"minecraft:air":0,"minecraft:iron_boots":1,"minecraft:iron_chestplate":1,"minecraft:iron_axe":1,"minecraft:stick":12,"minecraft:iron_ingot":18,"minecraft:stone_pickaxe":1,"minecraft:wooden_axe":1,"minecraft:chest":1,"minecraft:white_bed":1,"regions_unexplored:magnolia_planks":32},"minecraft:dropped":{"minecraft:wheat_seeds":3,"regions_unexplored:clover":3,"minecraft:wooden_axe":1,"minecraft:string":4},"minecraft:picked_up":{"minecraft:wooden_axe":1,"minecraft:crafting_table":2,"regions_unexplored:magnolia_log":38,"minecraft:leather":1,"minecraft:enchanted_book":2,"minecraft:string":6,"minecraft:dirt":5,"minecraft:wheat_seeds":3,"regions_unexplored:pine_log":79,"minecraft:bucket":1,"minecraft:beef":6,"minecraft:iron_ingot":2,"regions_unexplored:larch_sapling":2,"regions_unexplored:larch_log":66,"minecraft:light_gray_wool":1,"minecraft:chest":1,"minecraft:iron_sword":1,"regions_unexplored:pine_shrub":1,"minecraft:furnace":1,"minecraft:stick":12,"regions_unexplored:white_magnolia_sapling":1,"regions_unexplored:pine_sapling":3,"minecraft:porkchop":6,"minecraft:white_bed":2,"minecraft:trapped_chest":1,"regions_unexplored:pink_magnolia_sapling":2,"regions_unexplored:clover":7,"minecraft:iron_block":2,"minecraft:gold_ingot":2,"minecraft:emerald":3,"minecraft:mutton":18,"minecraft:coal":14,"minecraft:white_wool":11,"minecraft:cobblestone":23},"minecraft:mined":{"minecraft:white_bed":2,"regions_unexplored:white_magnolia_leaves":3,"regions_unexplored:magnolia_log":38,"minecraft:crafting_table":2,"minecraft:grass_block":4,"regions_unexplored:pink_magnolia_leaves":2,"regions_unexplored:pine_shrub":1,"minecraft:chest":1,"regions_unexplored:pine_log":79,"minecraft:trapped_chest":1,"minecraft:furnace":1,"regions_unexplored:larch_leaves":23,"regions_unexplored:pine_leaves":2,"minecraft:grass":2,"minecraft:coal_ore":15,"minecraft:dirt":2,"regions_unexplored:clover":2,"regions_unexplored:medium_grass":1,"regions_unexplored:larch_log":68,"minecraft:iron_block":2,"minecraft:stone":23,"minecraft:fern":1},"minecraft:used":{"minecraft:stone_pickaxe":18,"minecraft:chest":2,"minecraft:wooden_pickaxe":27,"minecraft:iron_sword":13,"minecraft:dirt":5,"minecraft:crafting_table":3,"regions_unexplored:clover":4,"minecraft:white_bed":3,"regions_unexplored:magnolia_log":15,"regions_unexplored:pine_log":30,"minecraft:wooden_axe":47,"minecraft:iron_axe":168,"minecraft:bread":8,"minecraft:iron_boots":1,"regions_unexplored:larch_log":14,"minecraft:cobblestone":9,"minecraft:furnace":1,"tombstone:gift":2,"minecraft:trapped_chest":1,"minecraft:cooked_beef":5},"minecraft:broken":{"minecraft:wooden_axe":1},"minecraft:killed":{"minecraft:pig":4,"minecraft:spider":2,"minecraft:sheep":12,"minecraft:skeleton":1,"minecraft:cow":3},"minecraft:custom":{"minecraft:interact_with_furnace":14,"minecraft:mob_kills":22,"minecraft:interact_with_crafting_table":16,"minecraft:open_barrel":2,"minecraft:damage_dealt_resisted":0,"minecraft:leave_game":4,"minecraft:time_since_death":66353,"minecraft:sleep_in_bed":4,"minecraft:climb_one_cm":1628,"minecraft:time_since_rest":8591,"minecraft:sprint_one_cm":251919,"minecraft:damage_taken":867,"minecraft:walk_one_cm":149763,"minecraft:drop":10,"minecraft:damage_dealt":2152,"minecraft:swim_one_cm":1250,"minecraft:talked_to_villager":1,"minecraft:fly_one_cm":288433,"minecraft:open_chest":19,"minecraft:crouch_one_cm":13213,"minecraft:play_time":116985,"tombstone:undead_killed":1,"minecraft:deaths":2,"minecraft:sneak_time":5811,"minecraft:walk_under_water_one_cm":492,"minecraft:jump":1486,"minecraft:walk_on_water_one_cm":6553,"minecraft:total_world_time":116985,"minecraft:interact_with_smoker":1,"minecraft:fall_one_cm":42905},"minecraft:killed_by":{"minecraft:skeleton":1,"minecraft:zombie":1}},"DataVersion":3465}