{"stats":{"minecraft:crafted":{"minecraft:cooked_beef":5,"minecraft:crafting_table":1,"minecraft:stick":4,"minecraft:wooden_pickaxe":1,"minecraft:wooden_axe":1,"minecraft:furnace":1,"minecraft:white_bed":1,"regions_unexplored:magnolia_planks":16,"minecraft:air":0},"minecraft:dropped":{"minecraft:wheat_seeds":3,"regions_unexplored:clover":3,"minecraft:string":4},"minecraft:picked_up":{"minecraft:stick":2,"minecraft:crafting_table":2,"regions_unexplored:white_magnolia_sapling":1,"regions_unexplored:magnolia_log":23,"minecraft:leather":1,"minecraft:enchanted_book":2,"minecraft:porkchop":6,"minecraft:white_bed":1,"minecraft:trapped_chest":1,"minecraft:string":6,"regions_unexplored:pink_magnolia_sapling":2,"minecraft:wheat_seeds":3,"minecraft:bucket":1,"regions_unexplored:clover":7,"minecraft:beef":6,"minecraft:emerald":3,"minecraft:light_gray_wool":1,"minecraft:mutton":11,"minecraft:white_wool":6,"minecraft:cobblestone":16,"minecraft:furnace":1},"minecraft:mined":{"minecraft:trapped_chest":1,"minecraft:white_bed":1,"minecraft:furnace":1,"regions_unexplored:white_magnolia_leaves":3,"regions_unexplored:magnolia_log":23,"minecraft:crafting_table":2,"minecraft:grass":2,"regions_unexplored:pink_magnolia_leaves":2,"regions_unexplored:clover":2,"regions_unexplored:medium_grass":1,"minecraft:stone":16},"minecraft:used":{"minecraft:wooden_axe":34,"minecraft:bread":2,"minecraft:wooden_pickaxe":17,"minecraft:cobblestone":6,"minecraft:crafting_table":2,"minecraft:furnace":1,"minecraft:trapped_chest":1,"tombstone:gift":2,"regions_unexplored:clover":4,"minecraft:white_bed":1,"minecraft:cooked_beef":3},"minecraft:killed":{"minecraft:sheep":7,"minecraft:pig":4,"minecraft:spider":2,"minecraft:cow":3},"minecraft:custom":{"minecraft:time_since_rest":10793,"minecraft:interact_with_furnace":7,"minecraft:sprint_one_cm":125868,"minecraft:damage_taken":650,"minecraft:walk_one_cm":75686,"minecraft:mob_kills":16,"minecraft:drop":9,"minecraft:damage_dealt":1622,"minecraft:interact_with_crafting_table":5,"minecraft:fly_one_cm":142422,"minecraft:open_chest":5,"minecraft:crouch_one_cm":5465,"minecraft:play_time":79108,"minecraft:deaths":2,"minecraft:sneak_time":1414,"minecraft:jump":695,"minecraft:damage_dealt_resisted":0,"minecraft:leave_game":3,"minecraft:time_since_death":28476,"minecraft:sleep_in_bed":1,"minecraft:total_world_time":79108,"minecraft:fall_one_cm":22047},"minecraft:killed_by":{"minecraft:skeleton":1,"minecraft:zombie":1}},"DataVersion":3465}