{"stats":{"minecraft:custom":{"minecraft:interact_with_crafting_table":19,"minecraft:open_barrel":4,"minecraft:leave_game":4,"minecraft:time_since_death":379,"minecraft:damage_resisted":368,"minecraft:sprint_one_cm":1140427,"minecraft:damage_blocked_by_shield":32,"minecraft:drop":189,"minecraft:talked_to_villager":3,"minecraft:play_time":363640,"minecraft:deaths":42,"tombstone:tomb_raiding":12,"minecraft:jump":9158,"minecraft:walk_on_water_one_cm":35092,"minecraft:interact_with_furnace":10,"minecraft:sleep_in_bed":9,"tombstone:sneak_grave":7,"minecraft:damage_dealt":40836,"minecraft:player_kills":41,"minecraft:crouch_one_cm":67116,"tombstone:undead_killed":89,"minecraft:inspect_dispenser":1,"minecraft:horse_one_cm":1047629,"minecraft:mob_kills":174,"minecraft:damage_dealt_resisted":0,"minecraft:climb_one_cm":26177,"minecraft:walk_one_cm":761446,"minecraft:damage_dealt_absorbed":68,"minecraft:sneak_time":25678,"minecraft:walk_under_water_one_cm":41085,"minecraft:boat_one_cm":56862,"minecraft:interact_with_blast_furnace":2,"minecraft:total_world_time":363640,"minecraft:time_since_rest":1,"minecraft:damage_taken":20210,"minecraft:damage_absorbed":2,"minecraft:trigger_trapped_chest":5,"minecraft:swim_one_cm":65853,"minecraft:fly_one_cm":1909314,"minecraft:open_chest":151,"minecraft:fall_one_cm":263138},"minecraft:mined":{"regions_unexplored:maple_log":6,"regions_unexplored:magnolia_log":95,"minecraft:granite":8,"minecraft:acacia_log":13,"minecraft:grass_block":13,"minecraft:coal_block":23,"regions_unexplored:blue_bioshroom_block":1,"regions_unexplored:stone_bud":1,"minecraft:iron_ore":58,"minecraft:barrel":1,"regions_unexplored:mossy_stone":4,"regions_unexplored:silver_birch_leaves":3,"regions_unexplored:pine_leaves":6,"minecraft:iron_block":1,"minecraft:spruce_slab":1,"minecraft:green_bed":10,"regions_unexplored:white_magnolia_leaves":21,"regions_unexplored:corpse_flower":1,"minecraft:torch":14,"minecraft:melon":11,"minecraft:chest":2,"minecraft:cobblestone":9,"minecraft:oak_planks":1,"minecraft:wall_torch":14,"regions_unexplored:pine_log":19,"minecraft:tnt":6,"minecraft:grass":121,"minecraft:oak_log":7,"minecraft:sand":3,"minecraft:dirt":27,"regions_unexplored:stripped_pine_log":4,"minecraft:oak_leaves":14,"minecraft:deepslate":3,"minecraft:tuff":1,"minecraft:red_carpet":1,"minecraft:mossy_cobblestone":1,"minecraft:deepslate_diamond_ore":2,"regions_unexplored:dusktrap":3,"regions_unexplored:maple_leaves":1,"minecraft:spruce_leaves":5,"minecraft:large_fern":2,"minecraft:hay_block":18,"minecraft:furnace":1,"minecraft:andesite":7,"minecraft:stripped_spruce_log":1,"regions_unexplored:larch_leaves":2,"minecraft:gold_block":1,"minecraft:bookshelf":3,"minecraft:shroomlight":6,"minecraft:deepslate_iron_ore":26,"minecraft:vine":1,"regions_unexplored:medium_grass":11,"minecraft:stone":86,"regions_unexplored:bladed_grass":1,"minecraft:acacia_leaves":2,"minecraft:scaffolding":1,"minecraft:basalt":1,"minecraft:crafting_table":4,"regions_unexplored:pink_magnolia_leaves":9,"minecraft:tall_grass":15,"minecraft:trapped_chest":2,"minecraft:sweet_berry_bush":1,"minecraft:spruce_log":4,"minecraft:coal_ore":73,"regions_unexplored:silver_birch_log":10,"minecraft:cobweb":34,"minecraft:stone_bricks":6,"minecraft:fern":4},"minecraft:crafted":{"minecraft:oak_planks":28,"regions_unexplored:maple_planks":28,"minecraft:cooked_chicken":1,"minecraft:iron_boots":2,"minecraft:chest":3,"minecraft:crafting_table":3,"minecraft:spruce_planks":16,"minecraft:wooden_pickaxe":1,"minecraft:iron_helmet":1,"minecraft:iron_chestplate":1,"minecraft:stick":60,"minecraft:iron_ingot":7,"regions_unexplored:magnolia_boat":1,"minecraft:coal":27,"minecraft:furnace":1,"minecraft:iron_axe":1,"minecraft:stone_pickaxe":1,"regions_unexplored:magnolia_planks":36,"minecraft:wheat":162,"minecraft:iron_sword":1,"minecraft:stone_axe":1,"minecraft:bread":54,"minecraft:air":0,"minecraft:wooden_axe":1,"minecraft:iron_leggings":1,"minecraft:torch":188},"minecraft:dropped":{"minecraft:iron_sword":3,"minecraft:porkchop":8,"regions_unexplored:magnolia_log":33,"minecraft:cooked_beef":7,"minecraft:glass_bottle":2,"minecraft:crafting_table":1,"minecraft:lantern":4,"minecraft:leather":5,"minecraft:saddle":3,"minecraft:leather_helmet":1,"regions_unexplored:maple_planks":1,"minecraft:item_frame":1,"minecraft:dirt":42,"minecraft:mutton":8,"minecraft:wooden_sword":1,"minecraft:iron_pickaxe":3,"minecraft:white_wool":17,"minecraft:bone":35,"minecraft:stone_axe":2,"minecraft:cooked_chicken":1,"minecraft:cobbled_deepslate":1,"minecraft:wheat":7,"minecraft:rotten_flesh":27,"minecraft:cooked_mutton":5,"minecraft:chainmail_chestplate":2,"minecraft:leather_chestplate":4,"minecraft:trident":1,"minecraft:leather_boots":1,"apotheosis:gem":5,"minecraft:chainmail_boots":4,"minecraft:leather_leggings":1,"minecraft:arrow":9,"minecraft:beef":15,"minecraft:egg":1,"minecraft:enchanted_book":8,"minecraft:iron_ingot":8,"minecraft:bread":1,"regions_unexplored:magnolia_planks":4,"minecraft:wheat_seeds":88,"minecraft:tnt":2,"minecraft:mossy_cobblestone":4,"minecraft:feather":6,"minecraft:cobblestone":5,"minecraft:lead":1,"minecraft:book":15,"minecraft:granite":6,"minecraft:coal":8,"minecraft:coal_block":2,"minecraft:stick":7,"minecraft:leather_horse_armor":1,"minecraft:wooden_axe":2,"minecraft:melon_slice":1,"tombstone:grave_dust":1,"minecraft:iron_leggings":1,"minecraft:iron_axe":1,"minecraft:iron_shovel":1,"minecraft:string":52,"minecraft:trapped_chest":2,"minecraft:spruce_sapling":2,"minecraft:kelp":10,"minecraft:green_bed":4,"regions_unexplored:magnolia_boat":1,"minecraft:stone_shovel":1,"minecraft:chicken":5,"minecraft:iron_boots":2,"regions_unexplored:silver_birch_log":10,"minecraft:potato":66,"regions_unexplored:stripped_pine_log":2,"alexsmobs:cockroach_wing_fragment":3,"minecraft:bundle":1,"minecraft:spruce_planks":29,"minecraft:iron_chestplate":2,"minecraft:oak_sapling":1,"minecraft:stone_bricks":7,"minecraft:barrel":4,"minecraft:spider_eye":3,"minecraft:slime_ball":4,"minecraft:bow":3,"minecraft:stone_pickaxe":1,"minecraft:wooden_pickaxe":1},"minecraft:picked_up":{"minecraft:wheat":7,"minecraft:chainmail_boots":4,"regions_unexplored:magnolia_log":128,"minecraft:lead":1,"minecraft:potion":1,"minecraft:enchanted_book":20,"minecraft:string":52,"minecraft:iron_leggings":1,"minecraft:experience_bottle":1,"minecraft:shroomlight":6,"regions_unexplored:stripped_pine_log":4,"regions_unexplored:pine_log":19,"minecraft:cobbled_deepslate":8,"minecraft:iron_pickaxe":3,"minecraft:coal_block":28,"minecraft:melon_slice":53,"minecraft:iron_boots":2,"minecraft:furnace":1,"minecraft:stick":15,"apotheosis:gem":10,"minecraft:green_bed":12,"minecraft:torch":30,"minecraft:acacia_log":13,"minecraft:porkchop":10,"tombstone:grave_dust":8,"regions_unexplored:pink_magnolia_sapling":3,"minecraft:stone_sword":2,"minecraft:rotten_flesh":59,"minecraft:iron_block":1,"minecraft:leather_horse_armor":1,"minecraft:cobblestone":87,"minecraft:leather_chestplate":1,"minecraft:feather":6,"minecraft:cooked_beef":15,"regions_unexplored:white_magnolia_shrub":1,"minecraft:potato":130,"minecraft:dirt":161,"minecraft:lantern":4,"minecraft:leather_boots":1,"minecraft:bone":41,"minecraft:bow":3,"regions_unexplored:red_maple_shrub":1,"minecraft:wheat_seeds":37,"minecraft:oak_planks":1,"minecraft:cooked_porkchop":16,"regions_unexplored:pine_sapling":1,"minecraft:axolotl_bucket":2,"minecraft:sand":1,"minecraft:trapped_chest":3,"minecraft:barrel":3,"minecraft:mossy_cobblestone":4,"minecraft:bundle":3,"minecraft:sugar":1,"minecraft:diamond":10,"minecraft:granite":6,"minecraft:bread":29,"minecraft:emerald":9,"minecraft:chainmail_helmet":2,"regions_unexplored:magnolia_boat":1,"minecraft:oak_sapling":1,"minecraft:oak_leaves":2,"minecraft:crafting_table":5,"minecraft:chicken":6,"minecraft:leather_leggings":1,"minecraft:gold_block":2,"minecraft:wooden_sword":1,"minecraft:iron_axe":1,"minecraft:item_frame":3,"minecraft:iron_shovel":1,"minecraft:beef":16,"minecraft:chest":1,"minecraft:egg":3,"minecraft:raw_iron":135,"minecraft:trident":1,"minecraft:carrot":5,"minecraft:tnt":5,"minecraft:stone_shovel":1,"minecraft:arrow":23,"minecraft:hay_block":18,"minecraft:saddle":7,"minecraft:gold_ingot":4,"minecraft:mutton":13,"minecraft:white_wool":21,"minecraft:leather":10,"minecraft:oak_log":7,"minecraft:chainmail_chestplate":1,"tombstone:gift":3,"minecraft:cooked_mutton":5,"minecraft:red_carpet":1,"minecraft:stone_bricks":10,"minecraft:kelp":10,"alexsmobs:cockroach_wing_fragment":3,"minecraft:iron_ingot":10,"minecraft:stone_pickaxe":1,"minecraft:cooked_chicken":2,"minecraft:glass_bottle":1,"minecraft:iron_sword":3,"minecraft:book":15,"regions_unexplored:white_magnolia_sapling":5,"minecraft:sweet_berries":2,"minecraft:spruce_sapling":2,"minecraft:spruce_log":4,"minecraft:spider_eye":3,"minecraft:leather_helmet":1,"minecraft:slime_ball":8,"regions_unexplored:silver_birch_log":10,"minecraft:painting":2,"regions_unexplored:maple_log":7,"tombstone:magic_scroll":1,"minecraft:coal":73},"minecraft:killed":{"minecraft:spider":15,"minecraft:skeleton":22,"minecraft:bee":1,"minecraft:chicken":7,"minecraft:skeleton_horse":1,"minecraft:pig":16,"minecraft:zombie_villager":6,"minecraft:iron_golem":2,"minecraft:creeper":4,"minecraft:sheep":13,"minecraft:zombie":52,"minecraft:cow":13,"alexsmobs:blue_jay":1,"minecraft:drowned":8,"alexsmobs:gelada_monkey":2,"alexsmobs:cockroach":1,"alexsmobs:crow":1,"minecraft:enderman":3},"minecraft:used":{"minecraft:chest":4,"minecraft:shield":1,"minecraft:iron_sword":721,"minecraft:rotten_flesh":17,"minecraft:mutton":5,"minecraft:axolotl_bucket":5,"regions_unexplored:stripped_pine_log":2,"minecraft:stone_bricks":3,"minecraft:item_frame":1,"minecraft:red_carpet":1,"minecraft:bow":21,"minecraft:sweet_berries":4,"minecraft:furnace":2,"minecraft:leather_leggings":1,"minecraft:stone_pickaxe":104,"regions_unexplored:red_maple_shrub":1,"minecraft:oak_planks":1,"minecraft:leather_chestplate":1,"minecraft:wooden_pickaxe":23,"minecraft:bread":123,"minecraft:melon_slice":40,"tombstone:grave_key":8,"minecraft:chainmail_boots":1,"minecraft:experience_bottle":1,"minecraft:trident":21,"regions_unexplored:magnolia_boat":1,"minecraft:stone_sword":15,"minecraft:acacia_log":4,"minecraft:spruce_planks":6,"minecraft:cooked_chicken":1,"regions_unexplored:maple_planks":5,"minecraft:torch":111,"minecraft:dirt":139,"regions_unexplored:magnolia_log":17,"regions_unexplored:pine_log":7,"minecraft:wooden_axe":27,"minecraft:iron_axe":333,"minecraft:iron_boots":1,"minecraft:beef":7,"tombstone:gift":8,"minecraft:cooked_beef":1,"minecraft:water_bucket":2,"minecraft:green_bed":7,"minecraft:leather_boots":1,"minecraft:tnt":3,"minecraft:crafting_table":7,"regions_unexplored:magnolia_planks":7,"minecraft:iron_pickaxe":218,"tombstone:magic_scroll":1,"minecraft:leather_helmet":1,"minecraft:stone_axe":47,"minecraft:cobblestone":63,"minecraft:potion":1,"minecraft:cooked_porkchop":16,"minecraft:porkchop":2,"minecraft:bucket":7,"minecraft:stripped_oak_log":2},"minecraft:killed_by":{"minecraft:creeper":2,"minecraft:zombie":3,"alexsmobs:grizzly_bear":1,"minecraft:player":27,"minecraft:spider":1,"alexsmobs:centipede_head":1,"minecraft:skeleton":5},"minecraft:broken":{"minecraft:iron_boots":1,"minecraft:iron_chestplate":1,"minecraft:iron_leggings":1,"minecraft:iron_sword":1,"minecraft:shield":1,"minecraft:iron_helmet":2,"aether:leather_gloves":2}},"DataVersion":3465}