{"stats":{"minecraft:crafted":{"minecraft:cooked_beef":5,"minecraft:crafting_table":1,"minecraft:wooden_pickaxe":1,"minecraft:furnace":1,"minecraft:air":0,"minecraft:stick":4,"minecraft:wooden_axe":1,"minecraft:white_bed":1,"regions_unexplored:magnolia_planks":16},"minecraft:dropped":{"minecraft:wheat_seeds":3,"regions_unexplored:clover":3,"minecraft:wooden_axe":1,"minecraft:string":4},"minecraft:picked_up":{"minecraft:wooden_axe":1,"minecraft:crafting_table":2,"regions_unexplored:magnolia_log":38,"minecraft:leather":1,"minecraft:enchanted_book":2,"minecraft:string":6,"minecraft:dirt":5,"minecraft:wheat_seeds":3,"minecraft:bucket":1,"minecraft:beef":6,"minecraft:iron_ingot":2,"minecraft:light_gray_wool":1,"minecraft:furnace":1,"minecraft:stick":2,"regions_unexplored:white_magnolia_sapling":1,"minecraft:porkchop":6,"minecraft:white_bed":1,"minecraft:trapped_chest":1,"regions_unexplored:pink_magnolia_sapling":2,"regions_unexplored:clover":7,"minecraft:gold_ingot":2,"minecraft:emerald":3,"minecraft:mutton":11,"minecraft:white_wool":6,"minecraft:cobblestone":16},"minecraft:mined":{"minecraft:white_bed":1,"regions_unexplored:white_magnolia_leaves":3,"regions_unexplored:magnolia_log":38,"minecraft:crafting_table":2,"minecraft:grass_block":4,"regions_unexplored:pink_magnolia_leaves":2,"minecraft:trapped_chest":1,"minecraft:furnace":1,"minecraft:grass":2,"minecraft:dirt":2,"regions_unexplored:clover":2,"regions_unexplored:medium_grass":1,"minecraft:stone":16},"minecraft:used":{"minecraft:wooden_pickaxe":21,"minecraft:dirt":5,"minecraft:crafting_table":2,"regions_unexplored:clover":4,"minecraft:white_bed":1,"regions_unexplored:magnolia_log":15,"minecraft:wooden_axe":47,"minecraft:bread":3,"minecraft:cobblestone":8,"minecraft:furnace":1,"tombstone:gift":2,"minecraft:trapped_chest":1,"minecraft:cooked_beef":3},"minecraft:broken":{"minecraft:wooden_axe":1},"minecraft:killed":{"minecraft:pig":4,"minecraft:spider":2,"minecraft:sheep":7,"minecraft:cow":3},"minecraft:custom":{"minecraft:interact_with_furnace":13,"minecraft:mob_kills":16,"minecraft:interact_with_crafting_table":6,"minecraft:open_barrel":2,"minecraft:damage_dealt_resisted":0,"minecraft:leave_game":4,"minecraft:time_since_death":42353,"minecraft:sleep_in_bed":2,"minecraft:climb_one_cm":581,"minecraft:time_since_rest":8795,"minecraft:sprint_one_cm":167463,"minecraft:damage_taken":670,"minecraft:walk_one_cm":99879,"minecraft:drop":10,"minecraft:damage_dealt":1622,"minecraft:talked_to_villager":1,"minecraft:fly_one_cm":170467,"minecraft:open_chest":9,"minecraft:crouch_one_cm":7895,"minecraft:play_time":92985,"minecraft:deaths":2,"minecraft:sneak_time":2367,"minecraft:jump":873,"minecraft:walk_on_water_one_cm":6193,"minecraft:total_world_time":92985,"minecraft:interact_with_smoker":1,"minecraft:fall_one_cm":25703},"minecraft:killed_by":{"minecraft:skeleton":1,"minecraft:zombie":1}},"DataVersion":3465}