{"stats":{"minecraft:mined":{"regions_unexplored:golden_larch_leaves":8,"minecraft:white_bed":3,"regions_unexplored:stripped_larch_log":46,"regions_unexplored:magnolia_log":38,"regions_unexplored:larch_planks":11,"minecraft:granite":14,"minecraft:grass_block":12,"regions_unexplored:pine_shrub":2,"regions_unexplored:larch_stairs":2,"minecraft:coal_block":5,"regions_unexplored:purple_coneflower":1,"minecraft:oxeye_daisy":2,"minecraft:spawner":1,"minecraft:raw_iron_block":9,"regions_unexplored:stone_bud":1,"minecraft:iron_ore":278,"minecraft:cobbled_deepslate":1,"minecraft:deepslate_lapis_ore":12,"minecraft:azure_bluet":1,"regions_unexplored:pine_leaves":51,"regions_unexplored:larch_log":425,"minecraft:iron_block":2,"regions_unexplored:peat_coarse_dirt":1,"minecraft:deepslate_redstone_ore":21,"regions_unexplored:white_magnolia_leaves":3,"minecraft:torch":52,"regions_unexplored:peat_grass_block":278,"minecraft:poppy":4,"minecraft:chest":1,"minecraft:glass":1,"minecraft:cobblestone":8,"minecraft:wall_torch":31,"regions_unexplored:pine_log":125,"minecraft:deepslate_copper_ore":14,"minecraft:birch_log":2,"minecraft:lilac":3,"minecraft:grass":11,"minecraft:oak_log":10,"regions_unexplored:peat_dirt":277,"minecraft:sand":104,"minecraft:dirt":17,"regions_unexplored:clover":2,"regions_unexplored:stripped_pine_log":1,"minecraft:oak_leaves":18,"minecraft:deepslate":65,"minecraft:deepslate_diamond_ore":14,"minecraft:large_fern":2,"minecraft:redstone_ore":4,"minecraft:furnace":3,"minecraft:andesite":7,"regions_unexplored:larch_leaves":54,"minecraft:potatoes":55,"minecraft:deepslate_iron_ore":63,"minecraft:shroomlight":4,"regions_unexplored:medium_grass":11,"minecraft:stone":564,"minecraft:white_wool":17,"twilightforest:root_strand":2,"regions_unexplored:larch_trapdoor":1,"minecraft:dandelion":5,"minecraft:crafting_table":5,"minecraft:cornflower":4,"regions_unexplored:pink_magnolia_leaves":2,"minecraft:tall_grass":3,"minecraft:copper_ore":78,"minecraft:deepslate_coal_ore":4,"minecraft:lapis_ore":17,"minecraft:deepslate_gold_ore":49,"minecraft:diorite":6,"minecraft:trapped_chest":1,"minecraft:coal_ore":309,"minecraft:gravel":2,"minecraft:cobweb":72,"minecraft:gold_ore":19,"regions_unexplored:magnolia_planks":18,"regions_unexplored:peat_podzol":37,"minecraft:fern":3,"regions_unexplored:larch_shrub":1},"minecraft:picked_up":{"minecraft:wooden_axe":1,"minecraft:wheat":30,"regions_unexplored:larch_planks":11,"regions_unexplored:magnolia_log":38,"minecraft:enchanted_book":2,"minecraft:string":102,"minecraft:raw_copper":359,"minecraft:shroomlight":4,"regions_unexplored:stripped_pine_log":1,"minecraft:gold_nugget":9,"regions_unexplored:pine_log":125,"minecraft:cobbled_deepslate":66,"minecraft:bucket":1,"regions_unexplored:larch_log":420,"minecraft:iron_pickaxe":2,"alexsmobs:raccoon_tail":1,"minecraft:coal_block":9,"regions_unexplored:pine_shrub":2,"minecraft:iron_boots":1,"minecraft:furnace":3,"minecraft:stick":44,"apotheosis:gem":6,"minecraft:torch":91,"minecraft:porkchop":15,"tombstone:grave_dust":26,"minecraft:diorite":6,"regions_unexplored:pink_magnolia_sapling":2,"minecraft:rotten_flesh":51,"minecraft:iron_block":2,"regions_unexplored:peat_coarse_dirt":1,"minecraft:cobblestone":587,"minecraft:birch_log":2,"minecraft:feather":6,"minecraft:lilac":3,"minecraft:andesite":6,"minecraft:potato":208,"alexsmobs:bison_fur":3,"minecraft:dirt":30,"minecraft:lapis_lazuli":199,"minecraft:name_tag":1,"minecraft:bone":23,"minecraft:bow":5,"regions_unexplored:magnolia_planks":17,"minecraft:wheat_seeds":13,"minecraft:raw_gold":66,"regions_unexplored:larch_trapdoor":1,"regions_unexplored:larch_shrub":2,"regions_unexplored:larch_stairs":2,"regions_unexplored:pine_sapling":9,"minecraft:sand":102,"minecraft:trapped_chest":1,"minecraft:bundle":2,"minecraft:diamond":14,"regions_unexplored:clover":7,"minecraft:crossbow":1,"minecraft:granite":14,"minecraft:emerald":3,"minecraft:rooted_dirt":1,"alexsmobs:maggot":2,"minecraft:oak_sapling":6,"twilightforest:torchberries":1,"sophisticatedbackpacks:gold_backpack":1,"minecraft:crafting_table":4,"minecraft:azure_bluet":1,"minecraft:chicken":1,"minecraft:turtle_helmet":2,"minecraft:leather_leggings":1,"minecraft:cornflower":4,"minecraft:iron_axe":1,"minecraft:beef":43,"regions_unexplored:peat_podzol":35,"minecraft:poppy":4,"minecraft:light_gray_wool":2,"minecraft:sugar_cane":2,"minecraft:chest":1,"minecraft:birch_sapling":2,"minecraft:egg":4,"minecraft:raw_iron":340,"sophisticatedbackpacks:backpack":1,"twilightforest:knightmetal_axe":1,"minecraft:redstone":107,"regions_unexplored:purple_coneflower":4,"minecraft:arrow":21,"tombstone:essence_of_undeath":1,"minecraft:gold_ingot":2,"sophisticatedbackpacks:copper_backpack":1,"minecraft:mutton":35,"minecraft:white_wool":38,"minecraft:oxeye_daisy":2,"regions_unexplored:peat_dirt":576,"minecraft:leather":9,"twilightforest:steeleaf_leggings":1,"minecraft:oak_log":10,"minecraft:gunpowder":6,"minecraft:white_banner":1,"regions_unexplored:stripped_larch_log":46,"minecraft:iron_ingot":2,"regions_unexplored:larch_sapling":44,"minecraft:iron_sword":6,"regions_unexplored:white_magnolia_sapling":1,"minecraft:dandelion":5,"minecraft:raw_iron_block":10,"minecraft:gravel":3,"minecraft:white_bed":3,"minecraft:spider_eye":9,"minecraft:chainmail_leggings":1,"minecraft:iron_helmet":1,"minecraft:gray_wool":1,"tombstone:magic_scroll":2,"minecraft:coal":311,"regions_unexplored:larch_boat":1},"minecraft:broken":{"minecraft:iron_shovel":2,"minecraft:iron_boots":1,"minecraft:iron_chestplate":1,"minecraft:stone_pickaxe":1,"minecraft:iron_sword":2,"minecraft:wooden_axe":1,"aether:iron_gloves":1,"minecraft:iron_axe":3,"minecraft:iron_pickaxe":5,"minecraft:iron_helmet":1},"minecraft:crafted":{"minecraft:oak_planks":44,"minecraft:birch_boat":1,"regions_unexplored:larch_planks":492,"minecraft:stone":64,"minecraft:cooked_mutton":28,"minecraft:glass":72,"minecraft:iron_boots":2,"sophisticatedbackpacks:copper_backpack":1,"minecraft:chest":16,"minecraft:stone_bricks":8,"regions_unexplored:larch_stairs":32,"minecraft:smoker":8,"regions_unexplored:larch_boat":1,"sophisticatedbackpacks:backpack":1,"minecraft:crafting_table":6,"minecraft:wooden_pickaxe":1,"minecraft:baked_potato":64,"minecraft:iron_helmet":1,"minecraft:copper_ingot":72,"minecraft:birch_planks":8,"minecraft:iron_chestplate":2,"minecraft:diamond_pickaxe":1,"minecraft:stick":820,"minecraft:iron_ingot":261,"minecraft:iron_pickaxe":5,"minecraft:gold_ingot":55,"minecraft:coal":27,"minecraft:furnace":17,"minecraft:bone_meal":48,"minecraft:iron_axe":4,"minecraft:iron_hoe":1,"minecraft:stone_pickaxe":1,"regions_unexplored:magnolia_planks":80,"sophisticatedbackpacks:iron_backpack":2,"minecraft:cooked_beef":30,"minecraft:coal_block":10,"regions_unexplored:larch_trapdoor":2,"sophisticatedbackpacks:gold_backpack":1,"minecraft:bucket":1,"minecraft:air":0,"regions_unexplored:pine_planks":56,"minecraft:wooden_axe":1,"minecraft:iron_shovel":3,"minecraft:iron_leggings":1,"minecraft:white_bed":1,"minecraft:torch":96},"minecraft:custom":{"minecraft:interact_with_crafting_table":95,"minecraft:open_barrel":2,"minecraft:leave_game":6,"minecraft:time_since_death":8255,"minecraft:damage_resisted":0,"minecraft:sprint_one_cm":1481518,"minecraft:drop":110,"minecraft:talked_to_villager":19,"minecraft:play_time":519190,"minecraft:deaths":22,"minecraft:jump":10272,"minecraft:walk_on_water_one_cm":46579,"minecraft:interact_with_furnace":111,"minecraft:sleep_in_bed":25,"minecraft:damage_dealt":32348,"minecraft:crouch_one_cm":137301,"tombstone:undead_killed":77,"minecraft:interact_with_smoker":7,"minecraft:interact_with_smithing_table":1,"minecraft:mob_kills":208,"minecraft:damage_dealt_resisted":375,"minecraft:climb_one_cm":3016,"minecraft:walk_one_cm":1044088,"minecraft:damage_dealt_absorbed":81,"minecraft:sneak_time":47997,"minecraft:walk_under_water_one_cm":64687,"minecraft:boat_one_cm":6964,"minecraft:total_world_time":519190,"tombstone:raider_killed":2,"minecraft:time_since_rest":6818,"minecraft:damage_taken":12575,"minecraft:swim_one_cm":33812,"minecraft:fly_one_cm":5415182,"minecraft:open_chest":230,"minecraft:fall_one_cm":248762},"minecraft:used":{"minecraft:iron_shovel":685,"minecraft:poppy":4,"minecraft:chest":14,"minecraft:iron_sword":681,"minecraft:rotten_flesh":12,"minecraft:mutton":3,"minecraft:azure_bluet":1,"minecraft:glass":49,"minecraft:stone_bricks":8,"minecraft:oak_sapling":1,"minecraft:furnace":11,"minecraft:potato":91,"minecraft:diorite":4,"minecraft:stone_pickaxe":132,"minecraft:wooden_pickaxe":27,"minecraft:white_wool":17,"minecraft:bread":40,"regions_unexplored:larch_stairs":25,"tombstone:grave_key":2,"minecraft:gravel":3,"minecraft:lilac":2,"minecraft:bone_meal":36,"minecraft:torch":164,"minecraft:dirt":20,"regions_unexplored:clover":4,"regions_unexplored:magnolia_log":15,"twilightforest:knightmetal_axe":54,"regions_unexplored:pine_log":89,"minecraft:shroomlight":4,"minecraft:iron_hoe":40,"minecraft:wooden_axe":47,"minecraft:iron_axe":850,"minecraft:rooted_dirt":1,"minecraft:iron_boots":1,"regions_unexplored:larch_planks":92,"tombstone:gift":8,"minecraft:trapped_chest":1,"minecraft:cooked_beef":29,"minecraft:cobbled_deepslate":27,"minecraft:cooked_mutton":27,"minecraft:water_bucket":31,"minecraft:baked_potato":36,"regions_unexplored:peat_dirt":262,"minecraft:birch_boat":1,"regions_unexplored:larch_boat":2,"regions_unexplored:peat_coarse_dirt":1,"regions_unexplored:peat_podzol":4,"minecraft:crafting_table":9,"minecraft:white_bed":4,"regions_unexplored:magnolia_planks":34,"minecraft:smoker":8,"minecraft:oak_log":2,"regions_unexplored:larch_trapdoor":2,"minecraft:diamond_pickaxe":185,"minecraft:cornflower":4,"minecraft:apple":2,"minecraft:oxeye_daisy":2,"minecraft:iron_pickaxe":1253,"regions_unexplored:larch_log":239,"minecraft:cobblestone":62,"minecraft:porkchop":4,"minecraft:bucket":33,"minecraft:dandelion":4},"minecraft:killed_by":{"minecraft:creeper":1,"twilightforest:kobold":2,"minecraft:witch":1,"minecraft:zombie":3,"minecraft:stray":1,"minecraft:spider":1,"alexsmobs:bison":2,"alexsmobs:centipede_head":1,"minecraft:skeleton":5,"twilightforest:redcap":2},"minecraft:dropped":{"minecraft:iron_sword":3,"minecraft:diamond":10,"minecraft:leather":1,"alexsmobs:bison_fur":3,"sophisticatedbackpacks:gold_backpack":1,"minecraft:dirt":6,"regions_unexplored:purple_coneflower":2,"minecraft:iron_pickaxe":1,"minecraft:bone":10,"minecraft:sugar_cane":2,"minecraft:cobbled_deepslate":39,"minecraft:wheat":23,"minecraft:rotten_flesh":38,"minecraft:gunpowder":15,"minecraft:leather_leggings":1,"minecraft:arrow":16,"minecraft:iron_ingot":64,"regions_unexplored:magnolia_planks":1,"minecraft:wheat_seeds":3,"minecraft:feather":4,"minecraft:cobblestone":19,"minecraft:granite":12,"minecraft:stick":744,"minecraft:diorite":2,"minecraft:wooden_axe":1,"tombstone:grave_dust":9,"minecraft:iron_axe":1,"minecraft:chainmail_leggings":1,"minecraft:string":72,"minecraft:redstone":107,"alexsmobs:maggot":2,"regions_unexplored:larch_shrub":2,"minecraft:raw_copper":31,"minecraft:chicken":1,"regions_unexplored:clover":3,"sophisticatedbackpacks:backpack":1,"minecraft:name_tag":1,"minecraft:potato":1,"minecraft:bundle":1,"minecraft:andesite":4,"minecraft:oak_sapling":2,"minecraft:spider_eye":6,"minecraft:bow":4},"minecraft:killed":{"minecraft:cave_spider":3,"minecraft:spider":20,"minecraft:skeleton":23,"minecraft:chicken":1,"minecraft:pig":8,"minecraft:creeper":2,"twilightforest:skeleton_druid":1,"minecraft:sheep":25,"minecraft:trader_llama":1,"twilightforest:redcap":4,"minecraft:pillager":2,"minecraft:zombie":52,"minecraft:donkey":1,"minecraft:stray":1,"alexsmobs:fly":3,"minecraft:cow":10,"alexsmobs:raccoon":1,"alexsmobs:seagull":3,"minecraft:horse":1,"twilightforest:swarm_spider":6,"alexsmobs:bison":3,"twilightforest:kobold":26,"alexsmobs:cockroach":1}},"DataVersion":3465}