{"stats":{"minecraft:crafted":{"minecraft:oak_planks":12,"minecraft:furnace":3,"regions_unexplored:larch_planks":16,"minecraft:bone_meal":30,"minecraft:cooked_mutton":28,"minecraft:iron_boots":1,"sophisticatedbackpacks:copper_backpack":1,"minecraft:iron_axe":3,"minecraft:iron_hoe":1,"minecraft:stone_pickaxe":1,"minecraft:chest":7,"regions_unexplored:magnolia_planks":80,"sophisticatedbackpacks:iron_backpack":2,"minecraft:cooked_beef":30,"minecraft:coal_block":10,"sophisticatedbackpacks:backpack":1,"minecraft:crafting_table":3,"minecraft:wooden_pickaxe":1,"minecraft:iron_helmet":1,"minecraft:copper_ingot":8,"minecraft:bucket":1,"minecraft:air":0,"regions_unexplored:pine_planks":8,"minecraft:iron_chestplate":1,"minecraft:stick":32,"minecraft:iron_ingot":261,"minecraft:iron_pickaxe":2,"minecraft:wooden_axe":1,"minecraft:iron_shovel":1,"minecraft:white_bed":1,"minecraft:torch":96},"minecraft:dropped":{"regions_unexplored:magnolia_planks":1,"minecraft:iron_sword":1,"minecraft:wheat_seeds":3,"minecraft:diamond":1,"minecraft:feather":4,"minecraft:cobblestone":19,"minecraft:granite":12,"alexsmobs:bison_fur":3,"minecraft:stick":4,"minecraft:dirt":6,"minecraft:diorite":2,"minecraft:wooden_axe":1,"tombstone:grave_dust":9,"minecraft:iron_axe":1,"minecraft:chainmail_leggings":1,"minecraft:string":8,"minecraft:bone":10,"regions_unexplored:larch_shrub":2,"minecraft:cobbled_deepslate":39,"minecraft:raw_copper":31,"minecraft:wheat":2,"minecraft:chicken":1,"minecraft:rotten_flesh":38,"regions_unexplored:clover":3,"sophisticatedbackpacks:backpack":1,"minecraft:name_tag":1,"minecraft:potato":1,"minecraft:gunpowder":15,"minecraft:bundle":1,"minecraft:andesite":4,"minecraft:oak_sapling":2,"minecraft:leather_leggings":1,"minecraft:spider_eye":6,"minecraft:arrow":16,"minecraft:bow":3},"minecraft:picked_up":{"minecraft:wooden_axe":1,"minecraft:crafting_table":3,"minecraft:azure_bluet":1,"minecraft:chicken":1,"minecraft:turtle_helmet":2,"regions_unexplored:magnolia_log":38,"minecraft:leather_leggings":1,"minecraft:enchanted_book":2,"minecraft:cornflower":4,"minecraft:string":98,"minecraft:raw_copper":359,"minecraft:iron_axe":1,"regions_unexplored:pine_log":102,"minecraft:cobbled_deepslate":66,"minecraft:bucket":1,"minecraft:beef":42,"regions_unexplored:larch_log":355,"regions_unexplored:peat_podzol":28,"minecraft:poppy":4,"minecraft:iron_pickaxe":1,"minecraft:light_gray_wool":2,"minecraft:coal_block":5,"minecraft:chest":1,"minecraft:birch_sapling":2,"regions_unexplored:pine_shrub":2,"minecraft:furnace":1,"minecraft:iron_boots":1,"minecraft:egg":3,"minecraft:stick":32,"minecraft:raw_iron":244,"apotheosis:gem":3,"minecraft:torch":33,"sophisticatedbackpacks:backpack":1,"minecraft:porkchop":15,"tombstone:grave_dust":26,"minecraft:diorite":6,"minecraft:redstone":107,"regions_unexplored:pink_magnolia_sapling":2,"minecraft:arrow":19,"minecraft:rotten_flesh":51,"minecraft:iron_block":2,"tombstone:essence_of_undeath":1,"minecraft:gold_ingot":2,"regions_unexplored:peat_coarse_dirt":1,"sophisticatedbackpacks:copper_backpack":1,"minecraft:mutton":35,"minecraft:white_wool":38,"minecraft:cobblestone":225,"minecraft:oxeye_daisy":2,"minecraft:birch_log":2,"regions_unexplored:peat_dirt":171,"minecraft:feather":6,"minecraft:lilac":3,"minecraft:andesite":4,"minecraft:leather":8,"minecraft:potato":48,"alexsmobs:bison_fur":3,"minecraft:oak_log":5,"minecraft:gunpowder":6,"minecraft:lapis_lazuli":199,"minecraft:dirt":14,"minecraft:name_tag":1,"minecraft:bone":20,"regions_unexplored:stripped_larch_log":26,"minecraft:bow":5,"minecraft:wheat_seeds":11,"regions_unexplored:magnolia_planks":17,"minecraft:raw_gold":55,"minecraft:iron_ingot":2,"regions_unexplored:larch_sapling":41,"regions_unexplored:larch_shrub":2,"minecraft:iron_sword":4,"regions_unexplored:white_magnolia_sapling":1,"regions_unexplored:pine_sapling":9,"minecraft:dandelion":5,"minecraft:gravel":3,"minecraft:white_bed":2,"minecraft:trapped_chest":1,"minecraft:spider_eye":7,"minecraft:bundle":2,"minecraft:diamond":14,"minecraft:chainmail_leggings":1,"regions_unexplored:clover":7,"minecraft:iron_helmet":1,"minecraft:crossbow":1,"minecraft:granite":12,"minecraft:gray_wool":1,"minecraft:emerald":3,"tombstone:magic_scroll":2,"minecraft:oak_sapling":2,"minecraft:coal":114},"minecraft:mined":{"regions_unexplored:stripped_larch_log":26,"minecraft:white_bed":2,"minecraft:deepslate_diamond_ore":14,"regions_unexplored:magnolia_log":38,"minecraft:granite":12,"minecraft:grass_block":8,"regions_unexplored:pine_shrub":2,"minecraft:coal_block":5,"minecraft:oxeye_daisy":2,"minecraft:redstone_ore":4,"regions_unexplored:stone_bud":1,"minecraft:furnace":1,"minecraft:iron_ore":181,"minecraft:cobbled_deepslate":1,"minecraft:andesite":4,"minecraft:deepslate_lapis_ore":12,"regions_unexplored:larch_leaves":53,"minecraft:azure_bluet":1,"regions_unexplored:pine_leaves":43,"minecraft:potatoes":12,"minecraft:deepslate_iron_ore":63,"regions_unexplored:medium_grass":10,"regions_unexplored:larch_log":360,"minecraft:iron_block":2,"minecraft:stone":209,"minecraft:white_wool":17,"regions_unexplored:peat_coarse_dirt":1,"minecraft:deepslate_redstone_ore":21,"regions_unexplored:white_magnolia_leaves":3,"minecraft:dandelion":5,"minecraft:cornflower":4,"minecraft:crafting_table":3,"minecraft:torch":25,"regions_unexplored:peat_grass_block":124,"regions_unexplored:pink_magnolia_leaves":2,"minecraft:poppy":4,"minecraft:chest":1,"minecraft:copper_ore":78,"minecraft:tall_grass":3,"minecraft:cobblestone":2,"minecraft:deepslate_coal_ore":4,"minecraft:deepslate_gold_ore":49,"minecraft:lapis_ore":17,"minecraft:diorite":6,"minecraft:wall_torch":7,"regions_unexplored:pine_log":102,"minecraft:deepslate_copper_ore":14,"minecraft:trapped_chest":1,"minecraft:birch_log":2,"minecraft:lilac":3,"minecraft:grass":9,"minecraft:coal_ore":110,"minecraft:oak_log":5,"regions_unexplored:peat_dirt":26,"minecraft:gravel":2,"minecraft:dirt":7,"minecraft:cobweb":72,"regions_unexplored:clover":2,"minecraft:gold_ore":8,"regions_unexplored:magnolia_planks":18,"minecraft:oak_leaves":17,"minecraft:deepslate":65,"regions_unexplored:peat_podzol":30,"minecraft:fern":2,"regions_unexplored:larch_shrub":1},"minecraft:used":{"minecraft:iron_shovel":186,"minecraft:poppy":4,"minecraft:chest":5,"minecraft:iron_sword":620,"minecraft:rotten_flesh":12,"minecraft:torch":90,"minecraft:dirt":8,"minecraft:mutton":1,"regions_unexplored:clover":4,"regions_unexplored:magnolia_log":15,"minecraft:azure_bluet":1,"minecraft:wooden_axe":47,"minecraft:iron_hoe":38,"regions_unexplored:pine_log":30,"minecraft:iron_axe":555,"minecraft:iron_boots":1,"minecraft:furnace":3,"minecraft:trapped_chest":1,"minecraft:potato":48,"tombstone:gift":8,"minecraft:cooked_beef":29,"minecraft:cobbled_deepslate":27,"minecraft:cooked_mutton":24,"minecraft:water_bucket":14,"minecraft:diorite":4,"minecraft:stone_pickaxe":132,"regions_unexplored:peat_dirt":88,"minecraft:wooden_pickaxe":27,"regions_unexplored:peat_coarse_dirt":1,"minecraft:white_wool":17,"regions_unexplored:peat_podzol":1,"minecraft:crafting_table":5,"minecraft:white_bed":3,"regions_unexplored:magnolia_planks":34,"minecraft:oak_log":2,"minecraft:oxeye_daisy":2,"minecraft:cornflower":4,"minecraft:apple":2,"minecraft:bread":37,"minecraft:iron_pickaxe":736,"regions_unexplored:larch_log":95,"tombstone:grave_key":2,"minecraft:gravel":3,"minecraft:lilac":2,"minecraft:cobblestone":38,"minecraft:porkchop":4,"minecraft:bucket":16,"minecraft:dandelion":4,"minecraft:bone_meal":30},"minecraft:broken":{"minecraft:iron_boots":1,"minecraft:iron_chestplate":1,"aether:iron_gloves":1,"minecraft:stone_pickaxe":1,"minecraft:iron_axe":2,"minecraft:iron_sword":2,"minecraft:iron_pickaxe":2,"minecraft:iron_helmet":1,"minecraft:wooden_axe":1},"minecraft:killed":{"minecraft:cave_spider":3,"minecraft:spider":20,"alexsmobs:seagull":3,"minecraft:skeleton":23,"minecraft:horse":1,"minecraft:chicken":1,"alexsmobs:bison":3,"minecraft:pig":8,"minecraft:creeper":2,"minecraft:sheep":25,"minecraft:zombie":50,"minecraft:donkey":1,"alexsmobs:cockroach":1,"minecraft:stray":1,"minecraft:cow":9},"minecraft:custom":{"minecraft:interact_with_smithing_table":1,"minecraft:mob_kills":159,"minecraft:interact_with_crafting_table":58,"minecraft:open_barrel":2,"minecraft:damage_dealt_resisted":375,"minecraft:leave_game":6,"minecraft:time_since_death":64172,"minecraft:climb_one_cm":2743,"minecraft:damage_resisted":0,"minecraft:sprint_one_cm":1040013,"minecraft:walk_one_cm":680239,"minecraft:drop":80,"minecraft:damage_dealt_absorbed":81,"minecraft:talked_to_villager":2,"minecraft:play_time":357392,"minecraft:deaths":17,"minecraft:sneak_time":32488,"minecraft:walk_under_water_one_cm":9943,"minecraft:jump":7269,"minecraft:walk_on_water_one_cm":27914,"minecraft:total_world_time":357392,"minecraft:interact_with_furnace":65,"minecraft:sleep_in_bed":14,"minecraft:time_since_rest":4748,"minecraft:damage_taken":9681,"minecraft:damage_dealt":25974,"minecraft:swim_one_cm":24240,"minecraft:fly_one_cm":2776425,"minecraft:open_chest":105,"minecraft:crouch_one_cm":86750,"tombstone:undead_killed":74,"minecraft:interact_with_smoker":1,"minecraft:fall_one_cm":172247},"minecraft:killed_by":{"minecraft:stray":1,"minecraft:creeper":1,"minecraft:spider":1,"alexsmobs:bison":2,"alexsmobs:centipede_head":1,"minecraft:skeleton":5,"minecraft:witch":1,"minecraft:zombie":3}},"DataVersion":3465}