{"stats":{"minecraft:used":{"minecraft:stone_pickaxe":67,"regions_unexplored:peat_dirt":23,"minecraft:chest":3,"minecraft:wooden_pickaxe":27,"minecraft:iron_sword":150,"minecraft:white_wool":17,"minecraft:torch":8,"minecraft:dirt":8,"minecraft:crafting_table":3,"minecraft:white_bed":3,"regions_unexplored:clover":4,"regions_unexplored:magnolia_log":15,"regions_unexplored:pine_log":30,"minecraft:wooden_axe":47,"minecraft:iron_axe":169,"minecraft:bread":27,"regions_unexplored:larch_log":14,"minecraft:iron_boots":1,"minecraft:cobblestone":12,"tombstone:gift":4,"minecraft:furnace":1,"minecraft:trapped_chest":1,"minecraft:cooked_beef":5},"minecraft:mined":{"minecraft:white_bed":2,"regions_unexplored:white_magnolia_leaves":3,"regions_unexplored:magnolia_log":38,"minecraft:crafting_table":2,"minecraft:torch":7,"minecraft:grass_block":6,"regions_unexplored:pink_magnolia_leaves":2,"regions_unexplored:pine_shrub":1,"minecraft:chest":1,"minecraft:tall_grass":2,"minecraft:wall_torch":1,"regions_unexplored:pine_log":79,"minecraft:trapped_chest":1,"minecraft:furnace":1,"regions_unexplored:larch_leaves":23,"regions_unexplored:pine_leaves":2,"minecraft:grass":5,"minecraft:coal_ore":62,"minecraft:oak_log":1,"regions_unexplored:peat_dirt":2,"minecraft:dirt":3,"regions_unexplored:clover":2,"regions_unexplored:medium_grass":1,"regions_unexplored:larch_log":68,"minecraft:stone":25,"minecraft:iron_block":2,"minecraft:white_wool":17,"regions_unexplored:peat_podzol":1,"minecraft:fern":1},"minecraft:killed":{"minecraft:pig":6,"minecraft:spider":7,"alexsmobs:seagull":1,"minecraft:creeper":1,"minecraft:horse":1,"minecraft:sheep":24,"minecraft:skeleton":2,"minecraft:zombie":3,"minecraft:donkey":1,"minecraft:stray":1,"alexsmobs:bison":3,"minecraft:cow":9},"minecraft:dropped":{"minecraft:wheat_seeds":3,"minecraft:feather":2,"regions_unexplored:clover":3,"alexsmobs:bison_fur":3,"minecraft:wooden_axe":1,"minecraft:spider_eye":1,"minecraft:string":4},"minecraft:crafted":{"minecraft:cooked_beef":5,"minecraft:oak_planks":4,"minecraft:crafting_table":2,"minecraft:iron_helmet":1,"minecraft:wooden_pickaxe":1,"minecraft:furnace":1,"minecraft:air":0,"regions_unexplored:pine_planks":8,"minecraft:iron_boots":1,"minecraft:iron_chestplate":1,"minecraft:iron_axe":1,"minecraft:stick":20,"minecraft:iron_ingot":18,"minecraft:stone_pickaxe":1,"minecraft:wooden_axe":1,"minecraft:chest":3,"minecraft:white_bed":1,"minecraft:torch":32,"regions_unexplored:magnolia_planks":40},"minecraft:broken":{"minecraft:wooden_axe":1},"minecraft:picked_up":{"minecraft:wooden_axe":1,"regions_unexplored:peat_dirt":23,"minecraft:crafting_table":2,"minecraft:feather":2,"regions_unexplored:magnolia_log":38,"minecraft:leather":8,"alexsmobs:bison_fur":3,"minecraft:enchanted_book":2,"minecraft:oak_log":1,"minecraft:gunpowder":2,"minecraft:dirt":8,"minecraft:string":13,"minecraft:wheat_seeds":6,"regions_unexplored:pine_log":79,"minecraft:bucket":1,"minecraft:iron_ingot":2,"minecraft:beef":42,"regions_unexplored:larch_log":66,"regions_unexplored:larch_sapling":2,"regions_unexplored:peat_podzol":1,"minecraft:light_gray_wool":2,"minecraft:chest":1,"minecraft:iron_sword":1,"regions_unexplored:pine_shrub":1,"minecraft:furnace":1,"minecraft:egg":3,"minecraft:stick":12,"regions_unexplored:white_magnolia_sapling":1,"regions_unexplored:pine_sapling":3,"minecraft:torch":8,"minecraft:porkchop":11,"minecraft:white_bed":2,"minecraft:trapped_chest":1,"minecraft:spider_eye":1,"regions_unexplored:pink_magnolia_sapling":2,"minecraft:arrow":1,"minecraft:rotten_flesh":2,"regions_unexplored:clover":7,"minecraft:iron_helmet":1,"minecraft:iron_block":2,"minecraft:crossbow":1,"minecraft:gray_wool":1,"minecraft:gold_ingot":2,"minecraft:emerald":3,"minecraft:mutton":33,"minecraft:coal":62,"minecraft:white_wool":37,"minecraft:cobblestone":25},"minecraft:killed_by":{"minecraft:skeleton":1,"minecraft:stray":1,"minecraft:creeper":1,"minecraft:zombie":1,"alexsmobs:bison":2},"minecraft:custom":{"minecraft:interact_with_furnace":14,"minecraft:mob_kills":61,"minecraft:interact_with_crafting_table":28,"minecraft:open_barrel":2,"minecraft:damage_dealt_resisted":0,"minecraft:leave_game":4,"minecraft:time_since_death":11024,"minecraft:sleep_in_bed":7,"minecraft:climb_one_cm":1628,"minecraft:time_since_rest":4440,"minecraft:sprint_one_cm":389983,"minecraft:damage_taken":2852,"minecraft:walk_one_cm":223787,"minecraft:drop":13,"minecraft:damage_dealt":8121,"minecraft:swim_one_cm":3182,"minecraft:fly_one_cm":551279,"minecraft:talked_to_villager":1,"minecraft:open_chest":27,"minecraft:play_time":151652,"minecraft:crouch_one_cm":16911,"tombstone:undead_killed":6,"minecraft:deaths":6,"minecraft:sneak_time":7538,"minecraft:walk_under_water_one_cm":737,"minecraft:jump":2564,"minecraft:walk_on_water_one_cm":6964,"minecraft:total_world_time":151652,"minecraft:interact_with_smoker":1,"minecraft:fall_one_cm":69932}},"DataVersion":3465}