{"stats":{"minecraft:mined":{"minecraft:spruce_planks":3,"minecraft:white_bed":6,"regions_unexplored:blue_lupine":1,"quark:yellow_blossom_leaves":186,"minecraft:mossy_cobblestone":1,"regions_unexplored:maple_log":66,"minecraft:jungle_leaves":276,"regions_unexplored:magnolia_log":1,"minecraft:mangrove_roots":2,"minecraft:granite":23,"minecraft:grass_block":552,"minecraft:jungle_log":1,"regions_unexplored:larch_stairs":9,"regions_unexplored:maple_leaves":4,"regions_unexplored:purple_coneflower":1,"minecraft:sandstone":4,"minecraft:mangrove_propagule":1,"minecraft:rooted_dirt":1,"minecraft:large_fern":2,"minecraft:raw_iron_block":9,"regions_unexplored:stone_bud":8,"minecraft:glowstone":9,"minecraft:carrots":16,"minecraft:iron_ore":141,"regions_unexplored:mossy_stone":31,"minecraft:stripped_spruce_log":2,"minecraft:andesite":3,"twilightforest:twilight_oak_leaves":1,"minecraft:fletching_table":5,"regions_unexplored:pine_leaves":29,"minecraft:bookshelf":11,"minecraft:potatoes":8,"minecraft:vine":5,"regions_unexplored:apple_oak_leaves":18,"regions_unexplored:medium_grass":24,"minecraft:bamboo":1,"minecraft:stone":474,"regions_unexplored:windswept_grass":1,"minecraft:spruce_slab":1,"minecraft:oak_fence":2,"minecraft:torch":1,"twilightforest:torchberry_plant":1,"regions_unexplored:peat_grass_block":27,"minecraft:calcite":1,"minecraft:chest":2,"twilightforest:twilight_oak_log":9,"quark:blossom_log":1,"minecraft:rose_bush":1,"minecraft:copper_ore":5,"minecraft:oak_planks":9,"minecraft:sugar_cane":4,"minecraft:diorite":10,"regions_unexplored:pine_log":3,"regions_unexplored:pine_branch":1,"minecraft:coarse_dirt":9,"minecraft:birch_log":25,"minecraft:wheat":41,"minecraft:spruce_log":16,"minecraft:birch_leaves":2,"minecraft:mangrove_leaves":39,"minecraft:grass":22,"minecraft:oak_log":120,"minecraft:coal_ore":43,"minecraft:beetroots":5,"regions_unexplored:peat_dirt":18,"minecraft:cyan_carpet":1,"minecraft:gravel":136,"minecraft:dirt":469,"minecraft:mangrove_log":6,"minecraft:stonecutter":1,"regions_unexplored:maple_shrub":1,"minecraft:gold_ore":9,"minecraft:oak_leaves":125,"regions_unexplored:peat_podzol":5,"minecraft:fern":1},"minecraft:crafted":{"minecraft:oak_planks":408,"regions_unexplored:maple_planks":180,"minecraft:birch_boat":1,"minecraft:birch_slab":6,"minecraft:furnace":1,"regions_unexplored:larch_planks":256,"sophisticatedbackpacks:crafting_upgrade":1,"sophisticatedbackpacks:smelting_upgrade":1,"minecraft:iron_boots":1,"twilightforest:twilight_oak_planks":28,"minecraft:iron_axe":2,"minecraft:iron_hoe":3,"minecraft:chest":6,"regions_unexplored:magnolia_planks":4,"regions_unexplored:larch_stairs":80,"sophisticatedbackpacks:iron_backpack":1,"twilightforest:magic_map_focus":1,"minecraft:emerald":64,"sophisticatedbackpacks:backpack":1,"minecraft:crafting_table":5,"minecraft:spruce_planks":64,"minecraft:iron_helmet":1,"sophisticatedbackpacks:gold_backpack":1,"minecraft:fletching_table":3,"minecraft:mangrove_planks":24,"minecraft:bucket":1,"minecraft:birch_planks":12,"sophisticatedbackpacks:upgrade_base":2,"minecraft:bread":13,"minecraft:air":0,"regions_unexplored:pine_planks":92,"minecraft:white_wool":3,"minecraft:iron_chestplate":1,"minecraft:paper":3,"minecraft:stick":1376,"minecraft:iron_pickaxe":1,"minecraft:iron_shovel":5,"minecraft:iron_leggings":1,"minecraft:white_bed":2},"minecraft:killed":{"twilightforest:boar":1,"minecraft:spider":1,"alexsmobs:seagull":1,"minecraft:skeleton":3,"twilightforest:swarm_spider":4,"minecraft:drowned":1,"minecraft:bat":1,"twilightforest:kobold":13,"twilightforest:raven":2,"minecraft:sheep":7,"minecraft:trader_llama":3,"twilightforest:redcap":4,"minecraft:zombie":6,"alexsmobs:fly":1,"minecraft:cow":7,"twilightforest:bighorn_sheep":3},"minecraft:picked_up":{"minecraft:coarse_dirt":7,"minecraft:wheat":65,"twilightforest:ironwood_boots":1,"regions_unexplored:magnolia_log":1,"minecraft:lead":4,"twilightforest:steeleaf_axe":1,"minecraft:string":70,"minecraft:moss_carpet":1,"minecraft:raw_copper":19,"minecraft:cooked_salmon":8,"minecraft:iron_shovel":1,"minecraft:cyan_carpet":2,"minecraft:beetroot":4,"regions_unexplored:pine_log":3,"minecraft:gold_nugget":6,"alexsmobs:banana":1,"minecraft:spruce_planks":3,"minecraft:beef":9,"quark:yellow_blossom_sapling":2,"minecraft:calcite":1,"minecraft:jungle_sapling":7,"minecraft:iron_pickaxe":1,"minecraft:spruce_slab":1,"minecraft:sugar_cane":10,"minecraft:chest":2,"minecraft:birch_sapling":3,"regions_unexplored:pine_shrub":1,"minecraft:mangrove_log":6,"minecraft:iron_boots":4,"minecraft:sandstone":4,"minecraft:lime_wool":1,"minecraft:stick":756,"minecraft:raw_iron":139,"apotheosis:gem":2,"minecraft:oak_fence":1,"minecraft:torch":5,"regions_unexplored:blue_lupine":1,"quark:blossom_log":1,"minecraft:porkchop":2,"minecraft:stone_button":9,"tombstone:grave_dust":2,"minecraft:diorite":10,"minecraft:carrot":46,"minecraft:redstone":107,"regions_unexplored:purple_coneflower":5,"minecraft:tnt":1,"minecraft:arrow":3,"minecraft:rotten_flesh":7,"regions_unexplored:maple_sapling":1,"minecraft:beetroot_seeds":14,"minecraft:gold_ingot":2,"minecraft:mangrove_roots":6,"minecraft:mutton":15,"minecraft:white_wool":7,"minecraft:cobblestone":513,"minecraft:birch_log":25,"regions_unexplored:peat_dirt":40,"minecraft:feather":1,"twilightforest:twilight_oak_log":7,"minecraft:jungle_log":1,"minecraft:birch_slab":2,"minecraft:andesite":3,"twilightforest:knightmetal_pickaxe":1,"minecraft:brown_wool":2,"minecraft:leather":13,"minecraft:potato":22,"minecraft:flint":9,"minecraft:oak_log":115,"minecraft:chainmail_chestplate":1,"minecraft:gunpowder":1,"minecraft:dirt":984,"minecraft:lantern":1,"minecraft:bone":1,"minecraft:apple":8,"minecraft:bow":2,"minecraft:wheat_seeds":118,"minecraft:raw_gold":9,"minecraft:heart_of_the_sea":1,"minecraft:iron_ingot":74,"minecraft:bamboo":6,"minecraft:fletching_table":5,"minecraft:glowstone_dust":30,"minecraft:iron_sword":2,"minecraft:oak_planks":9,"minecraft:book":33,"regions_unexplored:larch_stairs":9,"minecraft:birch_boat":5,"regions_unexplored:pine_sapling":1,"minecraft:raw_iron_block":7,"minecraft:gravel":122,"minecraft:stripped_spruce_log":1,"minecraft:white_bed":6,"minecraft:spruce_log":16,"minecraft:mossy_cobblestone":30,"minecraft:diamond":11,"minecraft:soul_lantern":2,"twilightforest:raven_feather":1,"minecraft:iron_helmet":1,"minecraft:granite":42,"regions_unexplored:maple_log":61,"minecraft:emerald":6,"minecraft:mangrove_propagule":3,"alexsmobs:maggot":2,"minecraft:oak_sapling":10,"minecraft:coal":51,"regions_unexplored:larch_boat":1,"twilightforest:torchberries":5,"regions_unexplored:apple_oak_sapling":1},"minecraft:broken":{"minecraft:iron_shovel":4,"twilightforest:steeleaf_axe":1,"minecraft:iron_axe":1,"minecraft:iron_pickaxe":1,"minecraft:iron_hoe":1},"minecraft:used":{"regions_unexplored:pine_planks":4,"minecraft:iron_shovel":1205,"minecraft:chest":5,"minecraft:iron_sword":83,"minecraft:torch":5,"minecraft:dirt":105,"minecraft:carrot":75,"minecraft:stripped_spruce_log":1,"minecraft:iron_hoe":452,"minecraft:iron_axe":303,"minecraft:beef":1,"minecraft:bow":3,"tombstone:gift":5,"minecraft:cooked_beef":7,"minecraft:potato":17,"minecraft:knowledge_book":15,"minecraft:cooked_mutton":9,"minecraft:water_bucket":9,"twilightforest:knightmetal_pickaxe":483,"minecraft:oak_planks":1,"minecraft:birch_boat":6,"minecraft:fletching_table":8,"minecraft:crafting_table":4,"minecraft:white_bed":7,"regions_unexplored:magnolia_planks":4,"minecraft:apple":2,"minecraft:mangrove_propagule":1,"minecraft:bread":21,"regions_unexplored:larch_stairs":77,"minecraft:iron_pickaxe":318,"minecraft:gravel":73,"minecraft:cobblestone":28,"twilightforest:steeleaf_axe":69,"minecraft:bucket":10,"alexsmobs:animal_dictionary":2},"minecraft:killed_by":{"twilightforest:kobold":1,"twilightforest:redcap":2},"minecraft:dropped":{"minecraft:wheat_seeds":3,"minecraft:cobblestone":169,"minecraft:granite":38,"minecraft:birch_slab":6,"minecraft:stick":1,"minecraft:dirt":1,"minecraft:diorite":3,"minecraft:stone_button":9,"minecraft:iron_shovel":1,"minecraft:cyan_carpet":2,"minecraft:moss_carpet":1,"minecraft:mangrove_roots":6,"minecraft:wheat":1,"minecraft:rotten_flesh":6,"minecraft:iron_boots":2,"twilightforest:knightmetal_axe":1,"minecraft:carrot":1,"regions_unexplored:larch_boat":1},"minecraft:custom":{"minecraft:mob_kills":58,"minecraft:interact_with_crafting_table":41,"minecraft:open_barrel":2,"twilightforest:torchberries_harvested":5,"minecraft:damage_dealt_resisted":78,"minecraft:leave_game":3,"minecraft:time_since_death":111945,"minecraft:climb_one_cm":6484,"minecraft:damage_resisted":0,"minecraft:sprint_one_cm":523125,"minecraft:walk_one_cm":526713,"minecraft:drop":128,"minecraft:talked_to_villager":20,"minecraft:play_time":237869,"minecraft:deaths":3,"minecraft:sneak_time":1843,"minecraft:walk_under_water_one_cm":36086,"minecraft:boat_one_cm":499209,"minecraft:jump":2845,"minecraft:walk_on_water_one_cm":42060,"minecraft:total_world_time":237869,"minecraft:traded_with_villager":64,"minecraft:sleep_in_bed":15,"minecraft:time_since_rest":4402,"minecraft:damage_taken":4311,"minecraft:damage_dealt":7055,"minecraft:swim_one_cm":84042,"minecraft:fly_one_cm":1535853,"minecraft:open_chest":60,"minecraft:crouch_one_cm":996,"tombstone:undead_killed":10,"minecraft:fall_one_cm":92734}},"DataVersion":3465}