{"stats":{"minecraft:picked_up":{"minecraft:smooth_sandstone_slab":8,"minecraft:oak_slab":3,"minecraft:stick":2,"apotheosis:gem":2,"minecraft:sand":1,"minecraft:oak_log":3,"minecraft:smooth_sandstone_stairs":3,"minecraft:stripped_oak_wood":9,"minecraft:chiseled_sandstone":1,"minecraft:oak_planks":16,"minecraft:lantern":1},"minecraft:crafted":{"minecraft:crafting_table":1,"minecraft:wooden_pickaxe":1},"minecraft:mined":{"minecraft:oak_log":3,"minecraft:dead_bush":1,"minecraft:sand":1,"minecraft:oak_leaves":1},"minecraft:used":{"minecraft:oak_slab":3,"minecraft:crafting_table":1},"minecraft:custom":{"minecraft:time_since_rest":7998,"minecraft:play_time":11402,"minecraft:sprint_one_cm":37213,"minecraft:walk_one_cm":21000,"minecraft:damage_taken":320,"minecraft:deaths":1,"minecraft:mob_kills":1,"minecraft:jump":222,"minecraft:leave_game":1,"minecraft:damage_dealt":90,"minecraft:time_since_death":8334,"minecraft:total_world_time":11402,"minecraft:interact_with_crafting_table":1,"minecraft:fall_one_cm":7687,"minecraft:fly_one_cm":53665},"minecraft:killed":{"alexsmobs:rattlesnake":1},"minecraft:killed_by":{"minecraft:player":1}},"DataVersion":3465}