{"stats":{"minecraft:dropped":{"minecraft:birch_slab":6,"minecraft:dirt":1,"minecraft:stone_button":9,"minecraft:iron_pickaxe":3,"minecraft:cyan_carpet":2,"minecraft:mangrove_roots":6,"minecraft:wheat":1,"minecraft:rotten_flesh":6,"twilightforest:knightmetal_axe":1,"minecraft:carrot":1,"regions_unexplored:larch_boat":1,"minecraft:wheat_seeds":3,"minecraft:cobblestone":169,"minecraft:knowledge_book":1,"minecraft:granite":38,"minecraft:stick":1,"minecraft:diorite":3,"minecraft:iron_shovel":1,"minecraft:moss_carpet":1,"minecraft:iron_boots":4,"minecraft:iron_hoe":1,"minecraft:bow":3},"minecraft:broken":{"twilightforest:knightmetal_helmet":1,"minecraft:iron_shovel":4,"minecraft:iron_chestplate":1,"twilightforest:knightmetal_leggings":1,"minecraft:iron_sword":1,"quark:forgotten_hat":1,"minecraft:iron_hoe":1,"minecraft:shield":1,"twilightforest:steeleaf_axe":1,"minecraft:iron_axe":1,"minecraft:iron_pickaxe":1,"twilightforest:ironwood_boots":1},"minecraft:killed":{"twilightforest:boar":2,"minecraft:cave_spider":30,"minecraft:witch":3,"minecraft:spider":1,"quark:forgotten":2,"minecraft:skeleton":18,"twilightforest:pinch_beetle":3,"twilightforest:slime_beetle":19,"twilightforest:raven":2,"minecraft:creeper":2,"minecraft:sheep":7,"minecraft:trader_llama":3,"twilightforest:redcap":43,"minecraft:zombie":15,"alexsmobs:fly":1,"minecraft:cow":7,"alexsmobs:seagull":1,"twilightforest:swarm_spider":14,"minecraft:drowned":1,"minecraft:bat":1,"twilightforest:kobold":21,"twilightforest:redcap_sapper":2,"twilightforest:wraith":1,"twilightforest:bighorn_sheep":3},"minecraft:killed_by":{"minecraft:creeper":1,"twilightforest:wraith":1,"twilightforest:kobold":2,"minecraft:cave_spider":4,"minecraft:witch":1,"twilightforest:fire_beetle":2,"twilightforest:slime_beetle":4,"minecraft:skeleton":9,"twilightforest:redcap":8},"minecraft:custom":{"minecraft:interact_with_crafting_table":47,"minecraft:open_barrel":2,"twilightforest:torchberries_harvested":5,"minecraft:leave_game":6,"minecraft:time_since_death":18422,"minecraft:damage_resisted":393,"minecraft:sprint_one_cm":653619,"minecraft:damage_blocked_by_shield":3660,"minecraft:drop":138,"minecraft:talked_to_villager":20,"minecraft:play_time":336731,"minecraft:deaths":33,"minecraft:jump":3991,"minecraft:walk_on_water_one_cm":70652,"minecraft:traded_with_villager":64,"minecraft:sleep_in_bed":22,"minecraft:damage_dealt":29631,"minecraft:crouch_one_cm":5401,"tombstone:undead_killed":36,"minecraft:mob_kills":208,"minecraft:damage_dealt_resisted":85,"minecraft:climb_one_cm":6484,"minecraft:walk_one_cm":745262,"minecraft:sneak_time":6765,"minecraft:walk_under_water_one_cm":97763,"minecraft:boat_one_cm":520269,"minecraft:total_world_time":336731,"tombstone:raider_killed":3,"minecraft:time_since_rest":5101,"minecraft:damage_taken":15660,"minecraft:swim_one_cm":111637,"minecraft:fly_one_cm":2029071,"minecraft:open_chest":102,"minecraft:fall_one_cm":122860},"minecraft:used":{"regions_unexplored:pine_planks":4,"minecraft:iron_shovel":1218,"minecraft:chest":6,"minecraft:shield":45,"minecraft:iron_sword":334,"minecraft:carrot":75,"minecraft:stripped_spruce_log":1,"minecraft:jungle_sapling":1,"minecraft:bow":17,"minecraft:cooked_cod":17,"minecraft:potato":17,"twilightforest:knightmetal_pickaxe":685,"minecraft:oak_planks":1,"twilightforest:steeleaf_sword":76,"twilightforest:ironwood_axe":1,"twilightforest:ironwood_pickaxe":10,"minecraft:bread":28,"regions_unexplored:larch_stairs":77,"tombstone:grave_key":3,"minecraft:gravel":73,"minecraft:cooked_salmon":5,"minecraft:torch":56,"minecraft:dirt":113,"minecraft:iron_hoe":452,"minecraft:iron_axe":336,"minecraft:beef":1,"tombstone:gift":5,"minecraft:cooked_beef":7,"minecraft:knowledge_book":41,"minecraft:calcite":1,"minecraft:cooked_mutton":9,"minecraft:water_bucket":12,"minecraft:baked_potato":7,"minecraft:birch_boat":9,"twilightforest:steeleaf_helmet":1,"minecraft:fletching_table":8,"quark:mangrove_chest":3,"minecraft:crafting_table":4,"minecraft:white_bed":9,"minecraft:cod":3,"regions_unexplored:magnolia_planks":4,"minecraft:apple":10,"minecraft:mangrove_propagule":1,"minecraft:iron_pickaxe":318,"minecraft:cobblestone":144,"minecraft:cooked_porkchop":3,"twilightforest:steeleaf_axe":69,"minecraft:bucket":12,"minecraft:pumpkin_pie":2,"alexsmobs:animal_dictionary":3},"minecraft:picked_up":{"minecraft:wheat":71,"regions_unexplored:magnolia_log":1,"minecraft:lead":4,"minecraft:potion":1,"minecraft:knowledge_book":1,"minecraft:string":114,"minecraft:raw_copper":19,"minecraft:cooked_salmon":8,"twilightforest:steeleaf_ingot":10,"minecraft:beetroot":4,"regions_unexplored:pine_log":3,"minecraft:gold_nugget":85,"alexsmobs:banana":1,"minecraft:spruce_planks":3,"minecraft:calcite":1,"minecraft:iron_pickaxe":7,"regions_unexplored:pine_shrub":1,"minecraft:mangrove_log":6,"minecraft:iron_boots":11,"minecraft:stick":756,"apotheosis:gem":12,"twilightforest:magic_map":1,"minecraft:oak_fence":1,"minecraft:torch":18,"quark:blossom_log":1,"minecraft:porkchop":5,"tombstone:grave_dust":9,"minecraft:diorite":10,"minecraft:rotten_flesh":14,"quark:mangrove_chest":1,"minecraft:mangrove_roots":6,"minecraft:cod":21,"minecraft:cobblestone":723,"minecraft:birch_log":25,"minecraft:feather":1,"twilightforest:twilight_oak_log":20,"minecraft:birch_slab":2,"minecraft:andesite":3,"minecraft:jungle_log":1,"twilightforest:ironwood_pickaxe":4,"minecraft:brown_wool":2,"twilightforest:ore_magnet":2,"minecraft:potato":40,"minecraft:flint":9,"minecraft:lapis_lazuli":5,"minecraft:dirt":998,"minecraft:lantern":1,"minecraft:bone":19,"minecraft:bow":4,"minecraft:wheat_seeds":118,"twilightforest:music_disc_maker":1,"minecraft:raw_gold":9,"twilightforest:steeleaf_helmet":2,"minecraft:glowstone_dust":48,"minecraft:fletching_table":5,"minecraft:bamboo":6,"minecraft:oak_planks":9,"regions_unexplored:larch_stairs":9,"regions_unexplored:pine_sapling":1,"twilightforest:canopy_log":6,"minecraft:stripped_spruce_log":1,"minecraft:mossy_cobblestone":30,"twilightforest:charm_of_keeping_1":1,"minecraft:sugar":1,"minecraft:diamond":13,"minecraft:soul_lantern":2,"minecraft:granite":42,"minecraft:bone_meal":1,"minecraft:emerald":6,"alexsmobs:maggot":2,"minecraft:oak_sapling":10,"twilightforest:torchberries":42,"regions_unexplored:apple_oak_sapling":1,"minecraft:coarse_dirt":7,"twilightforest:ironwood_boots":1,"twilightforest:ironwood_axe":1,"twilightforest:steeleaf_axe":1,"minecraft:moss_carpet":1,"twilightforest:steeleaf_sword":1,"minecraft:iron_shovel":1,"minecraft:cyan_carpet":2,"minecraft:beef":9,"minecraft:jungle_sapling":7,"minecraft:birch_sapling":3,"minecraft:spruce_slab":1,"minecraft:chest":12,"quark:yellow_blossom_sapling":2,"minecraft:sugar_cane":19,"minecraft:lime_wool":1,"minecraft:raw_iron":148,"minecraft:sandstone":4,"twilightforest:ironwood_shovel":1,"regions_unexplored:blue_lupine":1,"minecraft:stone_button":9,"minecraft:carrot":46,"minecraft:redstone":107,"regions_unexplored:purple_coneflower":5,"minecraft:tnt":1,"minecraft:arrow":41,"regions_unexplored:maple_sapling":1,"minecraft:beetroot_seeds":14,"minecraft:pumpkin_pie":6,"tombstone:essence_of_undeath":1,"minecraft:gold_ingot":2,"minecraft:mutton":15,"minecraft:white_wool":7,"regions_unexplored:peat_dirt":40,"twilightforest:knightmetal_pickaxe":1,"minecraft:leather":13,"twilightforest:steeleaf_leggings":2,"twilightforest:ironwood_chestplate":1,"minecraft:oak_log":115,"minecraft:chainmail_chestplate":1,"twilightforest:knightmetal_boots":1,"minecraft:gunpowder":14,"quark:forgotten_hat":2,"minecraft:apple":10,"minecraft:heart_of_the_sea":1,"minecraft:iron_ingot":74,"twilightforest:transformation_powder":19,"minecraft:glass_bottle":2,"minecraft:iron_sword":2,"minecraft:book":33,"minecraft:birch_boat":8,"minecraft:dandelion":2,"minecraft:raw_iron_block":9,"minecraft:gravel":122,"minecraft:white_bed":8,"minecraft:spruce_log":16,"minecraft:spider_eye":9,"minecraft:slime_ball":18,"twilightforest:raven_feather":1,"minecraft:iron_helmet":1,"regions_unexplored:maple_log":61,"minecraft:mangrove_propagule":3,"regions_unexplored:larch_boat":1,"minecraft:coal":96},"minecraft:mined":{"minecraft:spruce_planks":3,"minecraft:white_bed":8,"regions_unexplored:blue_lupine":1,"quark:yellow_blossom_leaves":186,"regions_unexplored:maple_log":66,"minecraft:jungle_leaves":276,"regions_unexplored:magnolia_log":1,"minecraft:granite":23,"minecraft:grass_block":555,"minecraft:jungle_log":1,"regions_unexplored:larch_stairs":9,"regions_unexplored:purple_coneflower":1,"minecraft:spawner":2,"regions_unexplored:stone_bud":8,"minecraft:raw_iron_block":11,"minecraft:glowstone":14,"minecraft:iron_ore":148,"regions_unexplored:mossy_stone":31,"minecraft:fletching_table":5,"regions_unexplored:pine_leaves":29,"minecraft:spruce_slab":1,"minecraft:torch":1,"twilightforest:torchberry_plant":1,"regions_unexplored:peat_grass_block":27,"minecraft:calcite":1,"minecraft:chest":13,"twilightforest:twilight_oak_log":22,"quark:blossom_log":1,"minecraft:cobblestone":20,"minecraft:sugar_cane":7,"minecraft:oak_planks":9,"regions_unexplored:pine_log":3,"minecraft:birch_log":25,"minecraft:wheat":41,"minecraft:grass":24,"minecraft:oak_log":120,"minecraft:beetroots":5,"regions_unexplored:peat_dirt":18,"minecraft:dirt":482,"minecraft:mangrove_log":6,"minecraft:stonecutter":1,"twilightforest:canopy_log":6,"minecraft:oak_leaves":125,"minecraft:diamond_ore":1,"minecraft:mossy_cobblestone":1,"minecraft:mangrove_roots":2,"regions_unexplored:maple_leaves":4,"minecraft:mangrove_propagule":1,"minecraft:sandstone":4,"minecraft:rooted_dirt":1,"minecraft:large_fern":2,"minecraft:carrots":16,"minecraft:andesite":3,"twilightforest:twilight_oak_leaves":1,"minecraft:stripped_spruce_log":2,"minecraft:bookshelf":11,"minecraft:potatoes":8,"minecraft:vine":5,"regions_unexplored:apple_oak_leaves":18,"regions_unexplored:medium_grass":24,"minecraft:bamboo":1,"minecraft:stone":617,"regions_unexplored:windswept_grass":1,"quark:mangrove_chest":1,"minecraft:oak_fence":2,"minecraft:rose_bush":1,"minecraft:copper_ore":5,"minecraft:diorite":10,"regions_unexplored:pine_branch":1,"minecraft:coarse_dirt":9,"minecraft:spruce_log":16,"minecraft:birch_leaves":2,"minecraft:mangrove_leaves":39,"minecraft:coal_ore":72,"minecraft:gravel":136,"minecraft:cyan_carpet":1,"regions_unexplored:maple_shrub":1,"minecraft:gold_ore":9,"regions_unexplored:peat_podzol":5,"minecraft:fern":1},"minecraft:crafted":{"minecraft:oak_planks":408,"regions_unexplored:maple_planks":180,"minecraft:birch_boat":1,"minecraft:birch_slab":6,"regions_unexplored:larch_planks":256,"sophisticatedbackpacks:crafting_upgrade":1,"sophisticatedbackpacks:smelting_upgrade":1,"minecraft:iron_boots":1,"minecraft:chest":6,"regions_unexplored:larch_stairs":80,"twilightforest:magic_map_focus":1,"minecraft:emerald":64,"sophisticatedbackpacks:backpack":1,"minecraft:crafting_table":5,"minecraft:spruce_planks":64,"minecraft:iron_helmet":1,"minecraft:fletching_table":3,"minecraft:birch_planks":12,"sophisticatedbackpacks:upgrade_base":2,"minecraft:iron_chestplate":1,"minecraft:paper":18,"minecraft:shield":1,"naturescompass:naturescompass":1,"minecraft:stick":1404,"minecraft:compass":1,"minecraft:iron_pickaxe":1,"quark:mangrove_chest":2,"minecraft:furnace":1,"twilightforest:twilight_oak_planks":80,"minecraft:iron_axe":2,"minecraft:iron_hoe":3,"regions_unexplored:magnolia_planks":4,"sophisticatedbackpacks:iron_backpack":1,"minecraft:iron_sword":1,"sophisticatedbackpacks:gold_backpack":1,"minecraft:mangrove_planks":24,"minecraft:bucket":1,"minecraft:bread":13,"minecraft:air":0,"regions_unexplored:pine_planks":92,"minecraft:white_wool":3,"minecraft:iron_shovel":5,"minecraft:iron_leggings":1,"minecraft:white_bed":2,"minecraft:torch":96,"twilightforest:magic_map":1}},"DataVersion":3465}