{"stats":{"minecraft:mined":{"minecraft:white_bed":1,"regions_unexplored:maple_log":28,"minecraft:torch":1,"minecraft:granite":4,"minecraft:grass_block":545,"regions_unexplored:peat_grass_block":27,"regions_unexplored:larch_stairs":9,"regions_unexplored:maple_leaves":2,"regions_unexplored:purple_coneflower":1,"minecraft:diorite":6,"minecraft:large_fern":1,"minecraft:coarse_dirt":7,"regions_unexplored:stone_bud":8,"minecraft:carrots":16,"minecraft:birch_log":22,"minecraft:wheat":41,"regions_unexplored:mossy_stone":31,"minecraft:andesite":3,"minecraft:birch_leaves":1,"regions_unexplored:pine_leaves":7,"minecraft:grass":16,"minecraft:oak_log":16,"minecraft:potatoes":6,"minecraft:coal_ore":1,"minecraft:beetroots":5,"regions_unexplored:peat_dirt":18,"minecraft:gravel":64,"minecraft:dirt":450,"regions_unexplored:medium_grass":19,"minecraft:stone":249,"minecraft:oak_leaves":5,"regions_unexplored:peat_podzol":5,"minecraft:fern":1},"minecraft:picked_up":{"minecraft:birch_log":22,"regions_unexplored:peat_dirt":40,"minecraft:coarse_dirt":7,"minecraft:wheat":33,"minecraft:feather":1,"minecraft:andesite":3,"minecraft:leather":8,"minecraft:lead":4,"minecraft:potato":16,"minecraft:flint":3,"minecraft:oak_log":16,"minecraft:dirt":962,"minecraft:string":64,"minecraft:iron_shovel":1,"minecraft:bone":1,"minecraft:apple":1,"minecraft:beetroot":4,"minecraft:bow":2,"minecraft:wheat_seeds":113,"minecraft:beef":1,"minecraft:iron_ingot":64,"minecraft:iron_pickaxe":1,"minecraft:birch_sapling":3,"minecraft:iron_sword":1,"regions_unexplored:pine_shrub":1,"minecraft:iron_boots":1,"regions_unexplored:larch_stairs":9,"minecraft:stick":15,"minecraft:torch":5,"minecraft:gravel":59,"minecraft:white_bed":1,"tombstone:grave_dust":2,"minecraft:diorite":6,"minecraft:carrot":46,"minecraft:mossy_cobblestone":29,"minecraft:rotten_flesh":3,"regions_unexplored:purple_coneflower":5,"minecraft:arrow":3,"regions_unexplored:maple_sapling":1,"minecraft:diamond":9,"minecraft:beetroot_seeds":14,"minecraft:iron_helmet":1,"minecraft:granite":4,"regions_unexplored:maple_log":26,"minecraft:oak_sapling":6,"regions_unexplored:larch_boat":1,"minecraft:coal":1,"minecraft:cobblestone":244},"minecraft:broken":{"minecraft:iron_shovel":4,"minecraft:iron_pickaxe":1},"minecraft:crafted":{"minecraft:oak_planks":28,"sophisticatedbackpacks:backpack":1,"minecraft:crafting_table":2,"minecraft:iron_helmet":1,"regions_unexplored:larch_planks":256,"minecraft:bucket":1,"minecraft:bread":11,"regions_unexplored:pine_planks":24,"minecraft:white_wool":3,"minecraft:iron_boots":1,"minecraft:iron_chestplate":1,"minecraft:iron_axe":1,"minecraft:stick":8,"minecraft:iron_pickaxe":1,"minecraft:chest":3,"minecraft:iron_shovel":5,"minecraft:iron_leggings":1,"minecraft:white_bed":1,"regions_unexplored:larch_stairs":80},"minecraft:custom":{"minecraft:mob_kills":11,"minecraft:interact_with_crafting_table":17,"minecraft:damage_dealt_resisted":0,"minecraft:time_since_death":70453,"minecraft:sleep_in_bed":6,"minecraft:damage_resisted":0,"minecraft:time_since_rest":2802,"minecraft:sprint_one_cm":162106,"minecraft:damage_taken":1148,"minecraft:walk_one_cm":216606,"minecraft:drop":8,"minecraft:damage_dealt":1421,"minecraft:swim_one_cm":7045,"minecraft:talked_to_villager":7,"minecraft:fly_one_cm":151846,"minecraft:open_chest":17,"minecraft:crouch_one_cm":185,"minecraft:play_time":70453,"tombstone:undead_killed":6,"minecraft:sneak_time":142,"minecraft:walk_under_water_one_cm":7109,"minecraft:jump":1053,"minecraft:walk_on_water_one_cm":6791,"minecraft:total_world_time":70453,"minecraft:fall_one_cm":34767},"minecraft:used":{"minecraft:water_bucket":1,"minecraft:iron_shovel":1121,"minecraft:chest":2,"minecraft:iron_sword":29,"minecraft:torch":5,"minecraft:dirt":101,"minecraft:crafting_table":2,"minecraft:carrot":29,"minecraft:white_bed":2,"minecraft:iron_axe":86,"minecraft:bread":11,"regions_unexplored:larch_stairs":77,"minecraft:iron_pickaxe":304,"minecraft:bow":2,"minecraft:beef":1,"minecraft:bucket":2},"minecraft:dropped":{"minecraft:rotten_flesh":3,"minecraft:iron_boots":1,"minecraft:carrot":1,"minecraft:dirt":1,"regions_unexplored:larch_boat":1,"minecraft:iron_shovel":1},"minecraft:killed":{"alexsmobs:seagull":1,"minecraft:skeleton":3,"minecraft:trader_llama":3,"minecraft:zombie":3,"minecraft:cow":1}},"DataVersion":3465}