{"stats":{"minecraft:crafted":{"regions_unexplored:pine_planks":24,"minecraft:white_wool":3,"minecraft:iron_boots":1,"minecraft:iron_chestplate":1,"minecraft:iron_axe":1,"minecraft:stick":4,"minecraft:iron_pickaxe":1,"minecraft:iron_helmet":1,"minecraft:iron_leggings":1,"minecraft:white_bed":1,"minecraft:bucket":1,"minecraft:bread":11},"minecraft:picked_up":{"minecraft:wheat":33,"minecraft:leather":2,"minecraft:torch":1,"minecraft:potato":16,"minecraft:carrot":46,"minecraft:string":64,"minecraft:dirt":1,"minecraft:bone":1,"minecraft:arrow":1,"minecraft:beetroot":4,"minecraft:bow":2,"minecraft:diamond":9,"minecraft:beetroot_seeds":14,"minecraft:wheat_seeds":95,"minecraft:iron_helmet":1,"minecraft:beef":1,"minecraft:iron_ingot":64,"minecraft:iron_pickaxe":1},"minecraft:mined":{"minecraft:carrots":16,"minecraft:wheat":41,"minecraft:torch":1,"minecraft:grass":5,"minecraft:grass_block":1,"minecraft:potatoes":6,"minecraft:beetroots":5,"regions_unexplored:medium_grass":2},"minecraft:used":{"minecraft:bread":1,"minecraft:iron_sword":6,"minecraft:dirt":1,"minecraft:beef":1,"minecraft:carrot":4},"minecraft:killed":{"minecraft:skeleton":1,"minecraft:cow":1},"minecraft:custom":{"minecraft:time_since_rest":12835,"minecraft:sprint_one_cm":40452,"minecraft:damage_taken":128,"minecraft:walk_one_cm":23789,"minecraft:mob_kills":2,"minecraft:damage_dealt":235,"minecraft:swim_one_cm":1435,"minecraft:interact_with_crafting_table":4,"minecraft:fly_one_cm":31963,"minecraft:open_chest":5,"minecraft:play_time":12835,"tombstone:undead_killed":1,"minecraft:walk_under_water_one_cm":680,"minecraft:damage_dealt_resisted":0,"minecraft:jump":202,"minecraft:time_since_death":12835,"minecraft:walk_on_water_one_cm":885,"minecraft:total_world_time":12835,"minecraft:fall_one_cm":5659}},"DataVersion":3465}