{"stats":{"minecraft:mined":{"minecraft:white_bed":1,"regions_unexplored:maple_log":66,"minecraft:oak_fence":2,"minecraft:torch":1,"minecraft:granite":4,"minecraft:grass_block":549,"regions_unexplored:peat_grass_block":27,"regions_unexplored:larch_stairs":9,"regions_unexplored:maple_leaves":4,"regions_unexplored:purple_coneflower":1,"minecraft:sugar_cane":2,"minecraft:oak_planks":9,"minecraft:diorite":6,"minecraft:large_fern":1,"minecraft:coarse_dirt":7,"regions_unexplored:stone_bud":8,"minecraft:carrots":16,"minecraft:birch_log":22,"minecraft:wheat":41,"minecraft:spruce_log":16,"regions_unexplored:mossy_stone":31,"minecraft:andesite":3,"minecraft:birch_leaves":1,"minecraft:fletching_table":5,"regions_unexplored:pine_leaves":7,"minecraft:grass":20,"minecraft:oak_log":116,"minecraft:potatoes":8,"minecraft:coal_ore":1,"minecraft:beetroots":5,"regions_unexplored:peat_dirt":18,"minecraft:gravel":135,"minecraft:dirt":455,"regions_unexplored:medium_grass":24,"minecraft:stonecutter":1,"minecraft:stone":249,"regions_unexplored:maple_shrub":1,"minecraft:oak_leaves":5,"regions_unexplored:peat_podzol":5,"minecraft:fern":1},"minecraft:picked_up":{"minecraft:birch_log":22,"regions_unexplored:peat_dirt":40,"minecraft:coarse_dirt":7,"minecraft:wheat":34,"minecraft:feather":1,"minecraft:andesite":3,"minecraft:leather":8,"minecraft:lead":4,"minecraft:potato":22,"minecraft:flint":9,"minecraft:oak_log":111,"minecraft:dirt":971,"minecraft:string":64,"minecraft:iron_shovel":1,"minecraft:bone":1,"minecraft:apple":1,"minecraft:beetroot":4,"minecraft:bow":2,"minecraft:wheat_seeds":116,"minecraft:beef":1,"minecraft:iron_ingot":64,"minecraft:fletching_table":5,"minecraft:iron_pickaxe":1,"minecraft:sugar_cane":4,"minecraft:oak_planks":9,"minecraft:birch_sapling":3,"minecraft:iron_sword":1,"regions_unexplored:pine_shrub":1,"minecraft:iron_boots":2,"regions_unexplored:larch_stairs":9,"minecraft:stick":747,"minecraft:oak_fence":1,"minecraft:torch":5,"minecraft:gravel":121,"minecraft:stone_button":9,"minecraft:spruce_log":16,"minecraft:white_bed":1,"tombstone:grave_dust":2,"minecraft:diorite":6,"minecraft:carrot":46,"minecraft:redstone":107,"minecraft:mossy_cobblestone":29,"minecraft:rotten_flesh":3,"regions_unexplored:purple_coneflower":5,"minecraft:arrow":3,"regions_unexplored:maple_sapling":1,"minecraft:diamond":9,"minecraft:beetroot_seeds":14,"minecraft:iron_helmet":1,"minecraft:granite":4,"regions_unexplored:maple_log":61,"minecraft:oak_sapling":6,"twilightforest:torchberries":1,"regions_unexplored:larch_boat":1,"minecraft:coal":1,"minecraft:cobblestone":244},"minecraft:broken":{"minecraft:iron_shovel":4,"minecraft:iron_axe":1,"minecraft:iron_pickaxe":1},"minecraft:crafted":{"minecraft:oak_planks":408,"minecraft:emerald":64,"sophisticatedbackpacks:backpack":1,"minecraft:crafting_table":3,"minecraft:spruce_planks":64,"regions_unexplored:maple_planks":180,"minecraft:iron_helmet":1,"minecraft:furnace":1,"regions_unexplored:larch_planks":256,"sophisticatedbackpacks:crafting_upgrade":1,"minecraft:fletching_table":3,"minecraft:bucket":1,"sophisticatedbackpacks:upgrade_base":2,"minecraft:air":0,"minecraft:bread":11,"sophisticatedbackpacks:smelting_upgrade":1,"regions_unexplored:pine_planks":80,"minecraft:white_wool":3,"minecraft:iron_boots":1,"minecraft:iron_chestplate":1,"minecraft:iron_hoe":1,"minecraft:iron_axe":2,"minecraft:stick":1376,"minecraft:iron_pickaxe":1,"minecraft:chest":4,"minecraft:iron_shovel":5,"minecraft:iron_leggings":1,"minecraft:white_bed":1,"regions_unexplored:larch_stairs":80,"sophisticatedbackpacks:iron_backpack":1},"minecraft:custom":{"minecraft:mob_kills":11,"minecraft:traded_with_villager":64,"minecraft:interact_with_crafting_table":33,"twilightforest:torchberries_harvested":1,"minecraft:damage_dealt_resisted":0,"minecraft:time_since_death":106453,"minecraft:sleep_in_bed":10,"minecraft:damage_resisted":0,"minecraft:time_since_rest":11793,"minecraft:sprint_one_cm":289882,"minecraft:damage_taken":1458,"minecraft:walk_one_cm":313920,"minecraft:drop":22,"minecraft:damage_dealt":1421,"minecraft:swim_one_cm":10664,"minecraft:talked_to_villager":20,"minecraft:fly_one_cm":593680,"minecraft:open_chest":31,"minecraft:crouch_one_cm":240,"minecraft:play_time":106453,"tombstone:undead_killed":6,"minecraft:sneak_time":163,"minecraft:walk_under_water_one_cm":8462,"minecraft:jump":1533,"minecraft:walk_on_water_one_cm":9191,"minecraft:total_world_time":106453,"minecraft:fall_one_cm":52712},"minecraft:used":{"minecraft:water_bucket":2,"minecraft:iron_shovel":1205,"minecraft:oak_planks":1,"minecraft:chest":2,"minecraft:iron_sword":29,"minecraft:fletching_table":8,"minecraft:torch":5,"minecraft:dirt":102,"minecraft:crafting_table":2,"minecraft:carrot":58,"minecraft:white_bed":2,"minecraft:iron_hoe":38,"minecraft:iron_axe":258,"minecraft:bread":11,"regions_unexplored:larch_stairs":77,"minecraft:iron_pickaxe":305,"minecraft:gravel":72,"minecraft:bow":2,"minecraft:beef":1,"minecraft:bucket":3,"minecraft:potato":17},"minecraft:dropped":{"minecraft:wheat_seeds":3,"minecraft:wheat":1,"minecraft:rotten_flesh":3,"minecraft:iron_boots":2,"minecraft:carrot":1,"minecraft:dirt":1,"minecraft:stone_button":9,"regions_unexplored:larch_boat":1,"minecraft:iron_shovel":1},"minecraft:killed":{"alexsmobs:seagull":1,"minecraft:skeleton":3,"minecraft:trader_llama":3,"minecraft:zombie":3,"minecraft:cow":1}},"DataVersion":3465}