{"stats":{"minecraft:mined":{"regions_unexplored:maple_log":8,"minecraft:torch":1,"minecraft:grass_block":392,"regions_unexplored:peat_grass_block":27,"regions_unexplored:larch_stairs":9,"regions_unexplored:maple_leaves":1,"regions_unexplored:purple_coneflower":1,"minecraft:diorite":2,"minecraft:large_fern":1,"regions_unexplored:stone_bud":8,"minecraft:carrots":16,"minecraft:birch_log":6,"minecraft:wheat":41,"regions_unexplored:mossy_stone":25,"regions_unexplored:pine_leaves":7,"minecraft:grass":11,"minecraft:oak_log":7,"minecraft:potatoes":6,"minecraft:coal_ore":1,"minecraft:beetroots":5,"regions_unexplored:peat_dirt":14,"minecraft:gravel":45,"minecraft:dirt":256,"regions_unexplored:medium_grass":12,"minecraft:stone":136,"minecraft:oak_leaves":4,"minecraft:fern":1},"minecraft:picked_up":{"minecraft:birch_log":6,"regions_unexplored:peat_dirt":39,"minecraft:wheat":33,"minecraft:feather":1,"minecraft:leather":6,"minecraft:lead":2,"minecraft:potato":16,"minecraft:flint":3,"minecraft:oak_log":7,"minecraft:dirt":633,"minecraft:string":64,"minecraft:iron_shovel":1,"minecraft:bone":1,"minecraft:beetroot":4,"minecraft:bow":2,"minecraft:wheat_seeds":108,"minecraft:beef":1,"minecraft:iron_ingot":64,"minecraft:iron_pickaxe":1,"minecraft:birch_sapling":3,"regions_unexplored:pine_shrub":1,"regions_unexplored:larch_stairs":9,"minecraft:stick":4,"minecraft:torch":1,"minecraft:gravel":40,"minecraft:diorite":2,"minecraft:carrot":46,"minecraft:mossy_cobblestone":23,"regions_unexplored:purple_coneflower":1,"minecraft:arrow":3,"minecraft:diamond":9,"minecraft:beetroot_seeds":14,"minecraft:iron_helmet":1,"regions_unexplored:maple_log":8,"minecraft:coal":1,"minecraft:cobblestone":133},"minecraft:broken":{"minecraft:iron_shovel":2},"minecraft:crafted":{"minecraft:oak_planks":28,"sophisticatedbackpacks:backpack":1,"minecraft:crafting_table":2,"minecraft:iron_helmet":1,"regions_unexplored:larch_planks":256,"minecraft:bucket":1,"minecraft:bread":11,"regions_unexplored:pine_planks":24,"minecraft:white_wool":3,"minecraft:iron_boots":1,"minecraft:iron_chestplate":1,"minecraft:iron_axe":1,"minecraft:stick":8,"minecraft:iron_pickaxe":1,"minecraft:chest":3,"minecraft:iron_shovel":3,"minecraft:iron_leggings":1,"minecraft:white_bed":1,"regions_unexplored:larch_stairs":80},"minecraft:used":{"minecraft:iron_shovel":743,"minecraft:chest":2,"minecraft:iron_sword":12,"minecraft:dirt":3,"minecraft:crafting_table":2,"minecraft:carrot":17,"minecraft:white_bed":1,"minecraft:iron_axe":35,"minecraft:bread":6,"regions_unexplored:larch_stairs":77,"minecraft:iron_pickaxe":173,"minecraft:bow":2,"minecraft:beef":1,"minecraft:bucket":1},"minecraft:custom":{"minecraft:mob_kills":5,"minecraft:interact_with_crafting_table":15,"minecraft:damage_dealt_resisted":0,"minecraft:time_since_death":46453,"minecraft:sleep_in_bed":3,"minecraft:time_since_rest":8489,"minecraft:sprint_one_cm":104293,"minecraft:damage_taken":668,"minecraft:walk_one_cm":141765,"minecraft:drop":2,"minecraft:damage_dealt":505,"minecraft:swim_one_cm":1435,"minecraft:talked_to_villager":2,"minecraft:fly_one_cm":84911,"minecraft:open_chest":14,"minecraft:play_time":46453,"tombstone:undead_killed":2,"minecraft:sneak_time":67,"minecraft:walk_under_water_one_cm":680,"minecraft:jump":603,"minecraft:walk_on_water_one_cm":885,"minecraft:total_world_time":46453,"minecraft:fall_one_cm":19849},"minecraft:dropped":{"minecraft:carrot":1,"minecraft:iron_shovel":1},"minecraft:killed":{"alexsmobs:seagull":1,"minecraft:skeleton":2,"minecraft:trader_llama":1,"minecraft:cow":1}},"DataVersion":3465}