{"stats":{"minecraft:picked_up":{"minecraft:wheat":71,"regions_unexplored:larch_planks":32,"minecraft:yellow_wool":1,"regions_unexplored:magnolia_log":1,"minecraft:lead":4,"minecraft:potion":1,"minecraft:enchanted_book":2,"minecraft:knowledge_book":1,"minecraft:string":116,"minecraft:raw_copper":19,"minecraft:cooked_salmon":8,"minecraft:smooth_stone_slab":4,"twilightforest:steeleaf_ingot":10,"minecraft:beetroot":4,"regions_unexplored:pine_log":3,"minecraft:gold_nugget":85,"alexsmobs:banana":1,"minecraft:spruce_planks":3,"minecraft:calcite":1,"minecraft:iron_pickaxe":7,"regions_unexplored:pine_shrub":1,"minecraft:mangrove_log":6,"minecraft:iron_boots":11,"minecraft:stick":758,"apotheosis:gem":14,"twilightforest:magic_map":1,"minecraft:oak_fence":1,"minecraft:torch":18,"quark:blossom_log":1,"minecraft:porkchop":5,"tombstone:grave_dust":17,"minecraft:diorite":10,"minecraft:cactus":26,"minecraft:rotten_flesh":46,"quark:mangrove_chest":1,"minecraft:mangrove_roots":6,"minecraft:cod":21,"minecraft:cobblestone":724,"minecraft:birch_log":25,"minecraft:feather":1,"twilightforest:twilight_oak_log":20,"minecraft:birch_slab":2,"minecraft:andesite":3,"minecraft:jungle_log":1,"twilightforest:ironwood_pickaxe":4,"minecraft:brown_wool":3,"twilightforest:ore_magnet":2,"minecraft:potato":40,"minecraft:flint":9,"twilightforest:mossy_nagastone_pillar":1,"minecraft:lapis_lazuli":5,"minecraft:dirt":999,"minecraft:lantern":1,"minecraft:bone":29,"minecraft:bow":4,"minecraft:wheat_seeds":119,"twilightforest:music_disc_maker":1,"minecraft:raw_gold":9,"minecraft:glowstone_dust":49,"twilightforest:steeleaf_helmet":2,"minecraft:fletching_table":5,"minecraft:rabbit":1,"minecraft:mossy_stone_bricks":1,"minecraft:bamboo":6,"minecraft:oak_planks":9,"regions_unexplored:larch_stairs":9,"regions_unexplored:pine_sapling":1,"twilightforest:knightmetal_chestplate":2,"twilightforest:canopy_log":10,"minecraft:stripped_spruce_log":1,"minecraft:mossy_cobblestone":31,"twilightforest:charm_of_keeping_1":1,"minecraft:sugar":3,"minecraft:diamond":13,"minecraft:soul_lantern":2,"minecraft:granite":42,"minecraft:bone_meal":1,"twilightforest:steeleaf_chestplate":1,"minecraft:emerald":6,"alexsmobs:maggot":2,"minecraft:oak_sapling":10,"twilightforest:torchberries":42,"regions_unexplored:apple_oak_sapling":1,"minecraft:coarse_dirt":7,"twilightforest:ironwood_boots":1,"minecraft:chicken":1,"twilightforest:ironwood_axe":1,"twilightforest:steeleaf_axe":1,"minecraft:moss_carpet":1,"twilightforest:steeleaf_sword":1,"minecraft:iron_shovel":1,"minecraft:cyan_carpet":2,"minecraft:beef":9,"minecraft:jungle_sapling":7,"minecraft:birch_sapling":3,"minecraft:spruce_slab":1,"minecraft:chest":12,"quark:yellow_blossom_sapling":2,"minecraft:sugar_cane":19,"minecraft:lime_wool":1,"minecraft:raw_iron":148,"minecraft:sandstone":4,"twilightforest:ironwood_shovel":1,"regions_unexplored:blue_lupine":1,"minecraft:stone_button":9,"quark:birch_chest":2,"minecraft:carrot":47,"minecraft:redstone":107,"regions_unexplored:purple_coneflower":5,"minecraft:tnt":1,"minecraft:arrow":60,"regions_unexplored:maple_sapling":1,"minecraft:beetroot_seeds":14,"minecraft:pumpkin_pie":6,"twilightforest:magic_map_focus":1,"tombstone:essence_of_undeath":1,"minecraft:gold_ingot":2,"sophisticatedbackpacks:copper_backpack":1,"minecraft:mutton":21,"minecraft:white_wool":7,"regions_unexplored:peat_dirt":40,"twilightforest:knightmetal_pickaxe":1,"minecraft:leather":15,"twilightforest:steeleaf_leggings":3,"twilightforest:ironwood_chestplate":1,"minecraft:oak_log":115,"minecraft:chainmail_chestplate":1,"twilightforest:knightmetal_boots":1,"minecraft:golden_boots":1,"minecraft:gunpowder":14,"minecraft:paper":129,"quark:forgotten_hat":2,"twilightforest:raw_venison":1,"minecraft:apple":14,"minecraft:heart_of_the_sea":1,"minecraft:iron_ingot":74,"tombstone:bag_of_seeds":1,"twilightforest:transformation_powder":19,"minecraft:glass_bottle":2,"minecraft:iron_sword":3,"minecraft:book":181,"minecraft:birch_boat":8,"minecraft:red_wool":1,"minecraft:dandelion":2,"minecraft:raw_iron_block":9,"minecraft:gravel":122,"minecraft:white_bed":9,"minecraft:spruce_log":16,"minecraft:spider_eye":9,"minecraft:slime_ball":18,"twilightforest:raven_feather":1,"minecraft:iron_helmet":1,"minecraft:painting":8,"regions_unexplored:maple_log":61,"minecraft:gray_wool":1,"twilightforest:fiery_leggings":2,"tombstone:magic_scroll":2,"twilightforest:spiral_bricks":3,"minecraft:mangrove_propagule":3,"regions_unexplored:larch_boat":1,"minecraft:coal":96},"minecraft:used":{"regions_unexplored:pine_planks":4,"minecraft:iron_shovel":1218,"minecraft:chest":6,"minecraft:shield":59,"minecraft:iron_sword":342,"minecraft:carrot":75,"minecraft:stripped_spruce_log":1,"minecraft:jungle_sapling":1,"minecraft:red_wool":1,"minecraft:iron_helmet":1,"minecraft:stone_bricks":1,"minecraft:bow":35,"minecraft:cooked_cod":20,"minecraft:potato":17,"twilightforest:knightmetal_pickaxe":698,"minecraft:oak_planks":1,"twilightforest:steeleaf_sword":247,"twilightforest:ironwood_axe":1,"twilightforest:ironwood_pickaxe":10,"regions_unexplored:larch_stairs":77,"minecraft:bread":28,"minecraft:brown_wool":1,"tombstone:grave_key":5,"minecraft:gravel":73,"twilightforest:mossy_nagastone_pillar":1,"minecraft:bone_meal":18,"quark:birch_chest":8,"minecraft:cooked_salmon":5,"minecraft:torch":79,"minecraft:dirt":114,"minecraft:iron_hoe":452,"minecraft:iron_axe":391,"minecraft:beef":1,"tombstone:gift":8,"minecraft:cooked_beef":7,"minecraft:knowledge_book":41,"minecraft:calcite":1,"minecraft:cooked_mutton":11,"minecraft:water_bucket":14,"minecraft:baked_potato":18,"minecraft:birch_boat":9,"twilightforest:steeleaf_helmet":1,"minecraft:fletching_table":8,"quark:mangrove_chest":3,"minecraft:crafting_table":4,"minecraft:white_bed":11,"minecraft:cod":3,"regions_unexplored:magnolia_planks":4,"minecraft:painting":1,"regions_unexplored:apple_oak_sapling":1,"minecraft:apple":10,"twilightforest:naga_leggings":1,"minecraft:mangrove_propagule":1,"minecraft:iron_pickaxe":318,"minecraft:cobblestone":144,"minecraft:cooked_porkchop":3,"quark:oak_chest":1,"twilightforest:steeleaf_axe":69,"minecraft:bucket":15,"minecraft:gray_wool":1,"minecraft:pumpkin_pie":6,"alexsmobs:animal_dictionary":3},"minecraft:mined":{"minecraft:spruce_planks":3,"minecraft:white_bed":9,"regions_unexplored:blue_lupine":1,"quark:yellow_blossom_leaves":186,"regions_unexplored:maple_log":66,"minecraft:jungle_leaves":276,"regions_unexplored:magnolia_log":1,"minecraft:granite":23,"minecraft:grass_block":556,"minecraft:jungle_log":1,"regions_unexplored:larch_stairs":9,"regions_unexplored:purple_coneflower":1,"minecraft:spawner":3,"minecraft:raw_iron_block":11,"regions_unexplored:stone_bud":8,"minecraft:glowstone":14,"minecraft:iron_ore":148,"regions_unexplored:mossy_stone":31,"minecraft:fletching_table":5,"regions_unexplored:pine_leaves":29,"minecraft:spruce_slab":1,"minecraft:torch":1,"twilightforest:torchberry_plant":1,"twilightforest:spiral_bricks":2,"regions_unexplored:peat_grass_block":27,"minecraft:calcite":1,"minecraft:chest":13,"twilightforest:twilight_oak_log":22,"quark:blossom_log":1,"minecraft:cobblestone":22,"minecraft:sugar_cane":7,"minecraft:oak_planks":9,"regions_unexplored:pine_log":3,"minecraft:birch_log":25,"minecraft:wheat":41,"minecraft:smooth_stone_slab":2,"minecraft:grass":26,"quark:birch_chest":2,"minecraft:oak_log":120,"minecraft:beetroots":5,"regions_unexplored:peat_dirt":18,"minecraft:dirt":482,"minecraft:mangrove_log":6,"minecraft:stonecutter":1,"twilightforest:canopy_log":10,"minecraft:oak_leaves":125,"minecraft:diamond_ore":1,"minecraft:mossy_cobblestone":2,"minecraft:mangrove_roots":2,"regions_unexplored:maple_leaves":4,"minecraft:mangrove_propagule":1,"minecraft:sandstone":4,"minecraft:rooted_dirt":1,"minecraft:large_fern":2,"minecraft:carrots":16,"minecraft:andesite":3,"twilightforest:twilight_oak_leaves":10,"minecraft:stripped_spruce_log":2,"minecraft:bookshelf":56,"minecraft:potatoes":8,"minecraft:vine":5,"regions_unexplored:apple_oak_leaves":18,"regions_unexplored:medium_grass":24,"minecraft:bamboo":1,"minecraft:stone":617,"regions_unexplored:windswept_grass":1,"quark:mangrove_chest":1,"minecraft:oak_fence":2,"minecraft:rose_bush":1,"minecraft:tall_grass":2,"minecraft:copper_ore":5,"minecraft:diorite":10,"regions_unexplored:pine_branch":1,"minecraft:birch_planks":1,"minecraft:cactus":4,"minecraft:coarse_dirt":9,"minecraft:spruce_log":16,"minecraft:birch_leaves":2,"minecraft:mangrove_leaves":39,"minecraft:coal_ore":72,"minecraft:gravel":136,"minecraft:cyan_carpet":1,"minecraft:cobweb":2,"minecraft:stone_bricks":1,"regions_unexplored:maple_shrub":1,"minecraft:mossy_stone_bricks":1,"minecraft:gold_ore":9,"regions_unexplored:peat_podzol":5,"minecraft:fern":1},"minecraft:custom":{"minecraft:interact_with_crafting_table":54,"minecraft:open_barrel":2,"twilightforest:torchberries_harvested":5,"minecraft:leave_game":8,"minecraft:time_since_death":6393,"minecraft:damage_resisted":709,"minecraft:sprint_one_cm":763879,"minecraft:damage_blocked_by_shield":4575,"minecraft:drop":155,"minecraft:talked_to_villager":20,"minecraft:play_time":386981,"minecraft:deaths":42,"minecraft:jump":4288,"minecraft:walk_on_water_one_cm":71586,"minecraft:traded_with_villager":64,"minecraft:sleep_in_bed":26,"minecraft:damage_dealt":42812,"minecraft:crouch_one_cm":5786,"tombstone:undead_killed":87,"minecraft:mob_kills":291,"minecraft:damage_dealt_resisted":85,"minecraft:climb_one_cm":11040,"minecraft:walk_one_cm":907839,"minecraft:sneak_time":6953,"minecraft:walk_under_water_one_cm":98118,"minecraft:boat_one_cm":520269,"minecraft:total_world_time":386981,"tombstone:raider_killed":4,"minecraft:time_since_rest":4845,"minecraft:damage_taken":19270,"minecraft:swim_one_cm":115953,"minecraft:fly_one_cm":2460638,"minecraft:open_chest":139,"minecraft:fall_one_cm":130546},"minecraft:broken":{"twilightforest:knightmetal_helmet":1,"minecraft:iron_shovel":4,"minecraft:iron_boots":1,"minecraft:iron_chestplate":1,"twilightforest:knightmetal_leggings":1,"minecraft:iron_sword":1,"quark:forgotten_hat":1,"minecraft:iron_hoe":1,"minecraft:shield":1,"twilightforest:steeleaf_axe":1,"minecraft:iron_axe":1,"minecraft:iron_pickaxe":1,"minecraft:iron_helmet":1,"twilightforest:ironwood_boots":1},"minecraft:crafted":{"minecraft:oak_planks":408,"quark:birch_chest":8,"regions_unexplored:maple_planks":180,"minecraft:birch_boat":1,"minecraft:birch_slab":6,"regions_unexplored:larch_planks":256,"sophisticatedbackpacks:crafting_upgrade":1,"sophisticatedbackpacks:smelting_upgrade":1,"minecraft:iron_boots":1,"minecraft:chest":6,"twilightforest:naga_leggings":1,"regions_unexplored:larch_stairs":80,"twilightforest:magic_map_focus":1,"minecraft:emerald":64,"sophisticatedbackpacks:backpack":1,"minecraft:crafting_table":5,"minecraft:spruce_planks":64,"minecraft:iron_helmet":2,"minecraft:fletching_table":3,"minecraft:birch_planks":100,"sophisticatedbackpacks:upgrade_base":2,"minecraft:iron_chestplate":1,"minecraft:paper":18,"minecraft:shield":1,"naturescompass:naturescompass":1,"minecraft:stick":1424,"quark:oak_chest":1,"minecraft:compass":1,"minecraft:iron_pickaxe":1,"quark:mangrove_chest":2,"minecraft:furnace":1,"minecraft:bone_meal":18,"twilightforest:twilight_oak_planks":80,"minecraft:iron_axe":2,"minecraft:iron_hoe":3,"twilightforest:canopy_planks":16,"regions_unexplored:magnolia_planks":4,"sophisticatedbackpacks:iron_backpack":1,"minecraft:iron_sword":2,"sophisticatedbackpacks:gold_backpack":1,"minecraft:mangrove_planks":24,"minecraft:bucket":1,"minecraft:bread":13,"minecraft:air":0,"regions_unexplored:pine_planks":92,"minecraft:white_wool":3,"minecraft:iron_shovel":5,"minecraft:iron_leggings":1,"minecraft:white_bed":2,"minecraft:torch":124,"twilightforest:magic_map":1},"minecraft:killed_by":{"minecraft:creeper":1,"twilightforest:death_tome":1,"twilightforest:wraith":1,"twilightforest:kobold":2,"minecraft:cave_spider":4,"minecraft:witch":1,"minecraft:zombie":2,"twilightforest:naga":1,"twilightforest:fire_beetle":2,"twilightforest:slime_beetle":4,"minecraft:skeleton":14,"twilightforest:redcap":8},"minecraft:killed":{"twilightforest:boar":2,"minecraft:cave_spider":30,"minecraft:witch":4,"minecraft:spider":1,"quark:forgotten":2,"minecraft:skeleton":34,"twilightforest:pinch_beetle":3,"minecraft:silverfish":1,"twilightforest:slime_beetle":19,"twilightforest:raven":2,"minecraft:creeper":3,"minecraft:sheep":7,"minecraft:trader_llama":3,"twilightforest:redcap":43,"minecraft:zombie":50,"alexsmobs:fly":1,"minecraft:cow":7,"twilightforest:deer":1,"alexsmobs:seagull":1,"twilightforest:naga":1,"twilightforest:swarm_spider":14,"twilightforest:death_tome":22,"minecraft:drowned":1,"minecraft:bat":1,"twilightforest:kobold":21,"twilightforest:redcap_sapper":2,"twilightforest:wraith":1,"minecraft:enderman":1,"twilightforest:bighorn_sheep":7},"minecraft:dropped":{"minecraft:birch_slab":6,"minecraft:dirt":1,"minecraft:stone_button":9,"minecraft:iron_pickaxe":3,"minecraft:cyan_carpet":2,"minecraft:mangrove_roots":6,"minecraft:wheat":1,"minecraft:rotten_flesh":6,"minecraft:carrot":1,"twilightforest:knightmetal_axe":1,"regions_unexplored:larch_boat":1,"minecraft:painting":1,"minecraft:wheat_seeds":3,"minecraft:cobblestone":169,"minecraft:knowledge_book":14,"minecraft:granite":38,"minecraft:stick":3,"minecraft:diorite":3,"minecraft:iron_shovel":1,"minecraft:moss_carpet":1,"minecraft:iron_boots":4,"minecraft:iron_hoe":1,"minecraft:mossy_stone_bricks":1,"minecraft:bow":3}},"DataVersion":3465}