{"stats":{"minecraft:crafted":{"minecraft:crafting_table":1,"minecraft:iron_helmet":1,"minecraft:bucket":1,"minecraft:bread":11,"regions_unexplored:pine_planks":24,"minecraft:iron_chestplate":1,"minecraft:iron_boots":1,"minecraft:white_wool":3,"minecraft:iron_axe":1,"minecraft:stick":8,"minecraft:iron_pickaxe":1,"minecraft:iron_shovel":2,"minecraft:iron_leggings":1,"minecraft:white_bed":1},"minecraft:dropped":{"minecraft:carrot":1,"minecraft:iron_shovel":1},"minecraft:picked_up":{"minecraft:wheat":33,"minecraft:feather":1,"minecraft:leather":2,"minecraft:potato":16,"minecraft:flint":1,"minecraft:oak_log":7,"minecraft:dirt":317,"minecraft:string":64,"minecraft:iron_shovel":1,"minecraft:bone":1,"minecraft:beetroot":4,"minecraft:bow":2,"minecraft:wheat_seeds":101,"minecraft:iron_ingot":64,"minecraft:beef":1,"minecraft:iron_pickaxe":1,"minecraft:stick":4,"minecraft:torch":1,"minecraft:gravel":8,"minecraft:diorite":2,"minecraft:carrot":46,"minecraft:mossy_cobblestone":8,"minecraft:arrow":1,"minecraft:diamond":9,"minecraft:beetroot_seeds":14,"minecraft:iron_helmet":1,"regions_unexplored:maple_log":8,"minecraft:coal":1,"minecraft:cobblestone":44},"minecraft:mined":{"regions_unexplored:maple_log":8,"minecraft:torch":1,"minecraft:grass_block":163,"regions_unexplored:maple_leaves":1,"minecraft:diorite":2,"regions_unexplored:stone_bud":6,"minecraft:carrots":16,"minecraft:wheat":41,"regions_unexplored:mossy_stone":10,"regions_unexplored:pine_leaves":7,"minecraft:grass":6,"minecraft:oak_log":7,"minecraft:potatoes":6,"minecraft:coal_ore":1,"minecraft:beetroots":5,"minecraft:gravel":13,"minecraft:dirt":166,"regions_unexplored:medium_grass":9,"minecraft:stone":46,"minecraft:oak_leaves":4},"minecraft:used":{"minecraft:iron_shovel":348,"minecraft:iron_sword":6,"minecraft:dirt":2,"minecraft:crafting_table":1,"minecraft:carrot":12,"minecraft:white_bed":1,"minecraft:iron_axe":20,"minecraft:bread":1,"minecraft:iron_pickaxe":66,"minecraft:bow":1,"minecraft:beef":1,"minecraft:bucket":1},"minecraft:broken":{"minecraft:iron_shovel":1},"minecraft:killed":{"alexsmobs:seagull":1,"minecraft:skeleton":1,"minecraft:cow":1},"minecraft:custom":{"minecraft:mob_kills":3,"minecraft:interact_with_crafting_table":6,"minecraft:damage_dealt_resisted":0,"minecraft:time_since_death":24835,"minecraft:sleep_in_bed":1,"minecraft:time_since_rest":11670,"minecraft:sprint_one_cm":72622,"minecraft:damage_taken":368,"minecraft:walk_one_cm":70870,"minecraft:drop":2,"minecraft:damage_dealt":235,"minecraft:swim_one_cm":1435,"minecraft:fly_one_cm":61739,"minecraft:open_chest":5,"minecraft:play_time":24835,"tombstone:undead_killed":1,"minecraft:sneak_time":10,"minecraft:walk_under_water_one_cm":680,"minecraft:jump":377,"minecraft:walk_on_water_one_cm":885,"minecraft:total_world_time":24835,"minecraft:fall_one_cm":14091}},"DataVersion":3465}