{"stats":{"minecraft:mined":{"minecraft:spruce_planks":3,"minecraft:white_bed":6,"regions_unexplored:blue_lupine":1,"quark:yellow_blossom_leaves":186,"minecraft:mossy_cobblestone":1,"regions_unexplored:maple_log":66,"minecraft:jungle_leaves":276,"regions_unexplored:magnolia_log":1,"minecraft:mangrove_roots":2,"minecraft:granite":23,"minecraft:grass_block":554,"minecraft:jungle_log":1,"regions_unexplored:larch_stairs":9,"regions_unexplored:maple_leaves":4,"regions_unexplored:purple_coneflower":1,"minecraft:sandstone":4,"minecraft:mangrove_propagule":1,"minecraft:rooted_dirt":1,"minecraft:spawner":2,"minecraft:large_fern":2,"minecraft:raw_iron_block":9,"regions_unexplored:stone_bud":8,"minecraft:glowstone":9,"minecraft:carrots":16,"minecraft:iron_ore":141,"regions_unexplored:mossy_stone":31,"minecraft:stripped_spruce_log":2,"minecraft:andesite":3,"twilightforest:twilight_oak_leaves":1,"minecraft:fletching_table":5,"regions_unexplored:pine_leaves":29,"minecraft:bookshelf":11,"minecraft:potatoes":8,"minecraft:vine":5,"regions_unexplored:apple_oak_leaves":18,"regions_unexplored:medium_grass":24,"minecraft:bamboo":1,"minecraft:stone":570,"regions_unexplored:windswept_grass":1,"minecraft:spruce_slab":1,"quark:mangrove_chest":1,"minecraft:oak_fence":2,"minecraft:torch":1,"twilightforest:torchberry_plant":1,"regions_unexplored:peat_grass_block":27,"minecraft:calcite":1,"minecraft:cobblestone":11,"minecraft:chest":4,"twilightforest:twilight_oak_log":22,"quark:blossom_log":1,"minecraft:rose_bush":1,"minecraft:copper_ore":5,"minecraft:oak_planks":9,"minecraft:sugar_cane":7,"minecraft:diorite":10,"regions_unexplored:pine_log":3,"regions_unexplored:pine_branch":1,"minecraft:coarse_dirt":9,"minecraft:birch_log":25,"minecraft:wheat":41,"minecraft:spruce_log":16,"minecraft:birch_leaves":2,"minecraft:mangrove_leaves":39,"minecraft:grass":23,"minecraft:oak_log":120,"minecraft:coal_ore":70,"minecraft:beetroots":5,"regions_unexplored:peat_dirt":18,"minecraft:cyan_carpet":1,"minecraft:gravel":136,"minecraft:dirt":480,"minecraft:mangrove_log":6,"twilightforest:canopy_log":6,"minecraft:stonecutter":1,"regions_unexplored:maple_shrub":1,"minecraft:gold_ore":9,"minecraft:oak_leaves":125,"regions_unexplored:peat_podzol":5,"minecraft:fern":1},"minecraft:crafted":{"minecraft:oak_planks":408,"regions_unexplored:maple_planks":180,"minecraft:birch_boat":1,"minecraft:birch_slab":6,"minecraft:furnace":1,"regions_unexplored:larch_planks":256,"sophisticatedbackpacks:crafting_upgrade":1,"sophisticatedbackpacks:smelting_upgrade":1,"minecraft:iron_boots":1,"twilightforest:twilight_oak_planks":80,"minecraft:iron_axe":2,"minecraft:iron_hoe":3,"minecraft:chest":6,"regions_unexplored:magnolia_planks":4,"regions_unexplored:larch_stairs":80,"sophisticatedbackpacks:iron_backpack":1,"twilightforest:magic_map_focus":1,"minecraft:emerald":64,"sophisticatedbackpacks:backpack":1,"minecraft:crafting_table":5,"minecraft:spruce_planks":64,"minecraft:iron_helmet":1,"sophisticatedbackpacks:gold_backpack":1,"minecraft:fletching_table":3,"minecraft:mangrove_planks":24,"minecraft:bucket":1,"minecraft:birch_planks":12,"sophisticatedbackpacks:upgrade_base":2,"minecraft:bread":13,"minecraft:air":0,"regions_unexplored:pine_planks":92,"minecraft:white_wool":3,"minecraft:iron_chestplate":1,"minecraft:paper":18,"minecraft:shield":1,"naturescompass:naturescompass":1,"minecraft:stick":1400,"minecraft:compass":1,"minecraft:iron_pickaxe":1,"minecraft:iron_shovel":5,"minecraft:iron_leggings":1,"minecraft:white_bed":2,"minecraft:torch":96,"twilightforest:magic_map":1,"quark:mangrove_chest":2},"minecraft:killed":{"twilightforest:boar":2,"minecraft:cave_spider":6,"minecraft:spider":1,"alexsmobs:seagull":1,"quark:forgotten":2,"minecraft:skeleton":5,"twilightforest:pinch_beetle":1,"twilightforest:swarm_spider":4,"minecraft:drowned":1,"twilightforest:slime_beetle":6,"minecraft:bat":1,"twilightforest:kobold":13,"twilightforest:raven":2,"minecraft:creeper":1,"minecraft:sheep":7,"minecraft:trader_llama":3,"twilightforest:redcap":16,"minecraft:zombie":6,"alexsmobs:fly":1,"minecraft:cow":7,"twilightforest:bighorn_sheep":3},"minecraft:picked_up":{"minecraft:coarse_dirt":7,"minecraft:wheat":65,"twilightforest:ironwood_boots":1,"regions_unexplored:magnolia_log":1,"minecraft:lead":4,"minecraft:knowledge_book":1,"twilightforest:steeleaf_axe":1,"minecraft:string":75,"minecraft:moss_carpet":1,"minecraft:raw_copper":19,"minecraft:cooked_salmon":8,"twilightforest:steeleaf_ingot":1,"minecraft:iron_shovel":1,"minecraft:cyan_carpet":2,"minecraft:beetroot":4,"regions_unexplored:pine_log":3,"minecraft:gold_nugget":28,"alexsmobs:banana":1,"minecraft:spruce_planks":3,"minecraft:beef":9,"quark:yellow_blossom_sapling":2,"minecraft:calcite":1,"minecraft:jungle_sapling":7,"minecraft:iron_pickaxe":2,"minecraft:spruce_slab":1,"minecraft:sugar_cane":19,"minecraft:chest":4,"minecraft:birch_sapling":3,"regions_unexplored:pine_shrub":1,"minecraft:mangrove_log":6,"minecraft:iron_boots":6,"minecraft:sandstone":4,"minecraft:lime_wool":1,"minecraft:stick":756,"minecraft:raw_iron":139,"apotheosis:gem":4,"minecraft:oak_fence":1,"minecraft:torch":6,"regions_unexplored:blue_lupine":1,"quark:blossom_log":1,"minecraft:porkchop":5,"minecraft:stone_button":9,"tombstone:grave_dust":3,"minecraft:diorite":10,"minecraft:carrot":46,"minecraft:redstone":107,"regions_unexplored:purple_coneflower":5,"minecraft:tnt":1,"minecraft:arrow":19,"minecraft:rotten_flesh":7,"regions_unexplored:maple_sapling":1,"minecraft:beetroot_seeds":14,"minecraft:pumpkin_pie":1,"quark:mangrove_chest":1,"minecraft:gold_ingot":2,"minecraft:mangrove_roots":6,"minecraft:mutton":15,"minecraft:cod":3,"minecraft:white_wool":7,"minecraft:cobblestone":634,"minecraft:birch_log":25,"regions_unexplored:peat_dirt":40,"minecraft:feather":1,"twilightforest:ironwood_pickaxe":1,"twilightforest:twilight_oak_log":20,"minecraft:jungle_log":1,"minecraft:birch_slab":2,"minecraft:andesite":3,"twilightforest:knightmetal_pickaxe":1,"minecraft:brown_wool":2,"minecraft:leather":13,"twilightforest:ore_magnet":1,"twilightforest:ironwood_chestplate":1,"minecraft:potato":27,"minecraft:flint":9,"minecraft:oak_log":115,"minecraft:chainmail_chestplate":1,"minecraft:gunpowder":5,"minecraft:lapis_lazuli":5,"minecraft:dirt":995,"minecraft:lantern":1,"quark:forgotten_hat":2,"minecraft:bone":7,"minecraft:apple":10,"minecraft:bow":2,"minecraft:wheat_seeds":118,"minecraft:raw_gold":9,"minecraft:heart_of_the_sea":1,"minecraft:iron_ingot":74,"minecraft:bamboo":6,"minecraft:fletching_table":5,"minecraft:glowstone_dust":30,"minecraft:iron_sword":2,"minecraft:oak_planks":9,"minecraft:book":33,"regions_unexplored:larch_stairs":9,"minecraft:birch_boat":8,"regions_unexplored:pine_sapling":1,"minecraft:raw_iron_block":7,"minecraft:gravel":122,"twilightforest:canopy_log":6,"minecraft:stripped_spruce_log":1,"minecraft:white_bed":6,"minecraft:spruce_log":16,"minecraft:mossy_cobblestone":30,"minecraft:slime_ball":8,"minecraft:diamond":11,"minecraft:soul_lantern":2,"twilightforest:raven_feather":1,"minecraft:iron_helmet":1,"minecraft:granite":42,"regions_unexplored:maple_log":61,"minecraft:emerald":6,"minecraft:mangrove_propagule":3,"alexsmobs:maggot":2,"minecraft:oak_sapling":10,"minecraft:coal":81,"regions_unexplored:larch_boat":1,"twilightforest:torchberries":8,"regions_unexplored:apple_oak_sapling":1},"minecraft:broken":{"minecraft:iron_shovel":4,"minecraft:iron_chestplate":1,"twilightforest:steeleaf_axe":1,"minecraft:iron_axe":1,"minecraft:iron_pickaxe":1,"quark:forgotten_hat":1,"minecraft:iron_hoe":1},"minecraft:used":{"regions_unexplored:pine_planks":4,"minecraft:iron_shovel":1213,"minecraft:shield":7,"minecraft:chest":6,"minecraft:iron_sword":174,"minecraft:cooked_salmon":5,"minecraft:torch":19,"minecraft:dirt":113,"minecraft:carrot":75,"minecraft:stripped_spruce_log":1,"minecraft:jungle_sapling":1,"minecraft:iron_hoe":452,"minecraft:iron_axe":325,"minecraft:beef":1,"minecraft:bow":6,"tombstone:gift":5,"minecraft:cooked_beef":7,"minecraft:potato":17,"minecraft:calcite":1,"minecraft:knowledge_book":28,"minecraft:cooked_mutton":9,"minecraft:water_bucket":11,"twilightforest:knightmetal_pickaxe":623,"minecraft:oak_planks":1,"minecraft:birch_boat":9,"minecraft:fletching_table":8,"quark:mangrove_chest":3,"minecraft:crafting_table":4,"minecraft:cod":3,"minecraft:white_bed":8,"regions_unexplored:magnolia_planks":4,"minecraft:apple":9,"minecraft:mangrove_propagule":1,"minecraft:bread":28,"regions_unexplored:larch_stairs":77,"minecraft:iron_pickaxe":318,"minecraft:gravel":73,"minecraft:cobblestone":81,"minecraft:cooked_porkchop":1,"twilightforest:steeleaf_axe":69,"minecraft:bucket":11,"alexsmobs:animal_dictionary":3},"minecraft:killed_by":{"minecraft:creeper":1,"twilightforest:fire_beetle":2,"twilightforest:kobold":1,"minecraft:cave_spider":2,"minecraft:skeleton":5,"twilightforest:redcap":2},"minecraft:dropped":{"minecraft:wheat_seeds":3,"minecraft:cobblestone":169,"minecraft:knowledge_book":1,"minecraft:granite":38,"minecraft:birch_slab":6,"minecraft:stick":1,"minecraft:dirt":1,"minecraft:diorite":3,"minecraft:stone_button":9,"minecraft:iron_shovel":1,"minecraft:cyan_carpet":2,"minecraft:moss_carpet":1,"minecraft:mangrove_roots":6,"minecraft:wheat":1,"minecraft:rotten_flesh":6,"minecraft:iron_boots":2,"minecraft:iron_hoe":1,"twilightforest:knightmetal_axe":1,"minecraft:carrot":1,"regions_unexplored:larch_boat":1},"minecraft:custom":{"minecraft:mob_kills":92,"minecraft:interact_with_crafting_table":47,"minecraft:open_barrel":2,"twilightforest:torchberries_harvested":5,"minecraft:damage_dealt_resisted":85,"minecraft:leave_game":3,"minecraft:time_since_death":500,"minecraft:climb_one_cm":6484,"minecraft:damage_resisted":27,"minecraft:sprint_one_cm":595579,"minecraft:damage_blocked_by_shield":750,"minecraft:walk_one_cm":593832,"minecraft:drop":130,"minecraft:talked_to_villager":20,"minecraft:play_time":279869,"minecraft:deaths":14,"minecraft:sneak_time":5661,"minecraft:walk_under_water_one_cm":71883,"minecraft:boat_one_cm":520269,"minecraft:jump":3419,"minecraft:walk_on_water_one_cm":59702,"minecraft:total_world_time":279869,"minecraft:traded_with_villager":64,"minecraft:sleep_in_bed":18,"minecraft:time_since_rest":370,"minecraft:damage_taken":8507,"minecraft:damage_dealt":12991,"minecraft:swim_one_cm":109349,"minecraft:fly_one_cm":1970119,"minecraft:open_chest":91,"minecraft:crouch_one_cm":4604,"tombstone:undead_killed":14,"minecraft:fall_one_cm":110851}},"DataVersion":3465}