{"stats":{"minecraft:mined":{"minecraft:spruce_planks":3,"minecraft:white_bed":6,"regions_unexplored:blue_lupine":1,"quark:yellow_blossom_leaves":186,"regions_unexplored:maple_log":66,"regions_unexplored:magnolia_log":1,"minecraft:jungle_leaves":276,"minecraft:granite":23,"minecraft:grass_block":554,"minecraft:jungle_log":1,"regions_unexplored:larch_stairs":9,"regions_unexplored:purple_coneflower":1,"minecraft:spawner":2,"regions_unexplored:stone_bud":8,"minecraft:raw_iron_block":9,"minecraft:glowstone":9,"minecraft:iron_ore":141,"regions_unexplored:mossy_stone":31,"minecraft:fletching_table":5,"regions_unexplored:pine_leaves":29,"minecraft:spruce_slab":1,"twilightforest:torchberry_plant":1,"minecraft:torch":1,"regions_unexplored:peat_grass_block":27,"minecraft:calcite":1,"minecraft:chest":10,"twilightforest:twilight_oak_log":22,"quark:blossom_log":1,"minecraft:cobblestone":14,"minecraft:sugar_cane":7,"minecraft:oak_planks":9,"regions_unexplored:pine_log":3,"minecraft:birch_log":25,"minecraft:wheat":41,"minecraft:grass":23,"minecraft:oak_log":120,"minecraft:beetroots":5,"regions_unexplored:peat_dirt":18,"minecraft:dirt":480,"minecraft:mangrove_log":6,"minecraft:stonecutter":1,"twilightforest:canopy_log":6,"minecraft:oak_leaves":125,"minecraft:mossy_cobblestone":1,"minecraft:mangrove_roots":2,"regions_unexplored:maple_leaves":4,"minecraft:mangrove_propagule":1,"minecraft:sandstone":4,"minecraft:rooted_dirt":1,"minecraft:large_fern":2,"minecraft:carrots":16,"minecraft:andesite":3,"twilightforest:twilight_oak_leaves":1,"minecraft:stripped_spruce_log":2,"minecraft:bookshelf":11,"minecraft:potatoes":8,"minecraft:vine":5,"regions_unexplored:apple_oak_leaves":18,"regions_unexplored:medium_grass":24,"minecraft:bamboo":1,"minecraft:stone":573,"regions_unexplored:windswept_grass":1,"quark:mangrove_chest":1,"minecraft:oak_fence":2,"minecraft:rose_bush":1,"minecraft:copper_ore":5,"minecraft:diorite":10,"regions_unexplored:pine_branch":1,"minecraft:coarse_dirt":9,"minecraft:spruce_log":16,"minecraft:birch_leaves":2,"minecraft:mangrove_leaves":39,"minecraft:coal_ore":70,"minecraft:gravel":136,"minecraft:cyan_carpet":1,"regions_unexplored:maple_shrub":1,"minecraft:gold_ore":9,"regions_unexplored:peat_podzol":5,"minecraft:fern":1},"minecraft:crafted":{"minecraft:oak_planks":408,"regions_unexplored:maple_planks":180,"minecraft:birch_boat":1,"minecraft:birch_slab":6,"regions_unexplored:larch_planks":256,"sophisticatedbackpacks:crafting_upgrade":1,"sophisticatedbackpacks:smelting_upgrade":1,"minecraft:iron_boots":1,"minecraft:chest":6,"regions_unexplored:larch_stairs":80,"twilightforest:magic_map_focus":1,"sophisticatedbackpacks:backpack":1,"minecraft:emerald":64,"minecraft:crafting_table":5,"minecraft:spruce_planks":64,"minecraft:iron_helmet":1,"minecraft:fletching_table":3,"minecraft:birch_planks":12,"sophisticatedbackpacks:upgrade_base":2,"minecraft:iron_chestplate":1,"minecraft:paper":18,"minecraft:shield":1,"naturescompass:naturescompass":1,"minecraft:stick":1404,"minecraft:compass":1,"minecraft:iron_pickaxe":1,"quark:mangrove_chest":2,"minecraft:furnace":1,"twilightforest:twilight_oak_planks":80,"minecraft:iron_axe":2,"minecraft:iron_hoe":3,"regions_unexplored:magnolia_planks":4,"sophisticatedbackpacks:iron_backpack":1,"minecraft:iron_sword":1,"sophisticatedbackpacks:gold_backpack":1,"minecraft:mangrove_planks":24,"minecraft:bucket":1,"minecraft:bread":13,"minecraft:air":0,"regions_unexplored:pine_planks":92,"minecraft:white_wool":3,"minecraft:iron_shovel":5,"minecraft:iron_leggings":1,"minecraft:white_bed":2,"minecraft:torch":96,"twilightforest:magic_map":1},"minecraft:killed":{"twilightforest:boar":2,"minecraft:cave_spider":15,"minecraft:witch":3,"minecraft:spider":1,"quark:forgotten":2,"minecraft:skeleton":10,"twilightforest:pinch_beetle":2,"twilightforest:slime_beetle":10,"twilightforest:raven":2,"minecraft:creeper":1,"minecraft:sheep":7,"minecraft:trader_llama":3,"twilightforest:redcap":25,"minecraft:zombie":6,"alexsmobs:fly":1,"minecraft:cow":7,"alexsmobs:seagull":1,"twilightforest:swarm_spider":4,"minecraft:drowned":1,"minecraft:bat":1,"twilightforest:kobold":13,"twilightforest:redcap_sapper":2,"twilightforest:bighorn_sheep":3},"minecraft:picked_up":{"minecraft:wheat":65,"regions_unexplored:magnolia_log":1,"minecraft:lead":4,"minecraft:potion":1,"minecraft:knowledge_book":1,"minecraft:string":83,"minecraft:raw_copper":19,"minecraft:cooked_salmon":8,"twilightforest:steeleaf_ingot":7,"minecraft:beetroot":4,"minecraft:gold_nugget":67,"regions_unexplored:pine_log":3,"alexsmobs:banana":1,"minecraft:spruce_planks":3,"minecraft:calcite":1,"minecraft:iron_pickaxe":3,"regions_unexplored:pine_shrub":1,"minecraft:mangrove_log":6,"minecraft:iron_boots":7,"minecraft:stick":756,"apotheosis:gem":6,"twilightforest:magic_map":1,"minecraft:oak_fence":1,"minecraft:torch":18,"minecraft:porkchop":5,"quark:blossom_log":1,"tombstone:grave_dust":7,"minecraft:diorite":10,"minecraft:rotten_flesh":7,"quark:mangrove_chest":1,"minecraft:mangrove_roots":6,"minecraft:cod":16,"minecraft:cobblestone":674,"minecraft:birch_log":25,"minecraft:feather":1,"twilightforest:twilight_oak_log":20,"minecraft:andesite":3,"minecraft:birch_slab":2,"minecraft:jungle_log":1,"twilightforest:ironwood_pickaxe":3,"minecraft:brown_wool":2,"twilightforest:ore_magnet":1,"minecraft:potato":32,"minecraft:flint":9,"minecraft:lapis_lazuli":5,"minecraft:dirt":995,"minecraft:lantern":1,"minecraft:bone":12,"minecraft:bow":2,"minecraft:wheat_seeds":118,"twilightforest:music_disc_maker":1,"minecraft:raw_gold":9,"twilightforest:steeleaf_helmet":2,"minecraft:glowstone_dust":33,"minecraft:fletching_table":5,"minecraft:bamboo":6,"minecraft:oak_planks":9,"regions_unexplored:larch_stairs":9,"regions_unexplored:pine_sapling":1,"twilightforest:canopy_log":6,"minecraft:stripped_spruce_log":1,"minecraft:mossy_cobblestone":30,"minecraft:sugar":1,"minecraft:diamond":11,"minecraft:soul_lantern":2,"minecraft:granite":42,"minecraft:bone_meal":1,"minecraft:emerald":6,"alexsmobs:maggot":2,"minecraft:oak_sapling":10,"twilightforest:torchberries":30,"regions_unexplored:apple_oak_sapling":1,"minecraft:coarse_dirt":7,"twilightforest:ironwood_boots":1,"twilightforest:ironwood_axe":1,"twilightforest:steeleaf_axe":1,"minecraft:moss_carpet":1,"minecraft:iron_shovel":1,"minecraft:cyan_carpet":2,"minecraft:beef":9,"minecraft:jungle_sapling":7,"minecraft:birch_sapling":3,"minecraft:spruce_slab":1,"minecraft:chest":10,"quark:yellow_blossom_sapling":2,"minecraft:sugar_cane":19,"minecraft:lime_wool":1,"minecraft:raw_iron":139,"minecraft:sandstone":4,"regions_unexplored:blue_lupine":1,"minecraft:stone_button":9,"minecraft:carrot":46,"minecraft:redstone":107,"regions_unexplored:purple_coneflower":5,"minecraft:tnt":1,"minecraft:arrow":28,"regions_unexplored:maple_sapling":1,"minecraft:beetroot_seeds":14,"minecraft:pumpkin_pie":3,"minecraft:gold_ingot":2,"minecraft:mutton":15,"minecraft:white_wool":7,"regions_unexplored:peat_dirt":40,"twilightforest:knightmetal_pickaxe":1,"minecraft:leather":13,"twilightforest:steeleaf_leggings":2,"twilightforest:ironwood_chestplate":1,"minecraft:oak_log":115,"minecraft:chainmail_chestplate":1,"minecraft:gunpowder":14,"quark:forgotten_hat":2,"minecraft:apple":10,"minecraft:heart_of_the_sea":1,"minecraft:iron_ingot":74,"twilightforest:transformation_powder":9,"minecraft:glass_bottle":2,"minecraft:iron_sword":2,"minecraft:book":33,"minecraft:birch_boat":8,"minecraft:dandelion":2,"minecraft:raw_iron_block":7,"minecraft:gravel":122,"minecraft:white_bed":6,"minecraft:spruce_log":16,"minecraft:spider_eye":1,"minecraft:slime_ball":11,"twilightforest:raven_feather":1,"minecraft:iron_helmet":1,"regions_unexplored:maple_log":61,"regions_unexplored:larch_boat":1,"minecraft:coal":84,"minecraft:mangrove_propagule":3},"minecraft:broken":{"minecraft:iron_shovel":4,"minecraft:iron_chestplate":1,"minecraft:iron_sword":1,"quark:forgotten_hat":1,"minecraft:iron_hoe":1,"twilightforest:steeleaf_axe":1,"minecraft:iron_axe":1,"minecraft:iron_pickaxe":1},"minecraft:used":{"regions_unexplored:pine_planks":4,"minecraft:iron_shovel":1213,"minecraft:chest":6,"minecraft:shield":21,"minecraft:iron_sword":266,"minecraft:carrot":75,"minecraft:stripped_spruce_log":1,"minecraft:jungle_sapling":1,"minecraft:bow":14,"minecraft:potato":17,"twilightforest:knightmetal_pickaxe":629,"minecraft:oak_planks":1,"twilightforest:ironwood_axe":1,"minecraft:bread":28,"regions_unexplored:larch_stairs":77,"tombstone:grave_key":1,"minecraft:gravel":73,"minecraft:cooked_salmon":5,"minecraft:torch":28,"minecraft:dirt":113,"minecraft:iron_hoe":452,"minecraft:iron_axe":334,"minecraft:beef":1,"tombstone:gift":5,"minecraft:cooked_beef":7,"minecraft:knowledge_book":28,"minecraft:calcite":1,"minecraft:cooked_mutton":9,"minecraft:water_bucket":11,"minecraft:baked_potato":4,"minecraft:birch_boat":9,"minecraft:fletching_table":8,"quark:mangrove_chest":3,"minecraft:crafting_table":4,"minecraft:white_bed":8,"minecraft:cod":3,"regions_unexplored:magnolia_planks":4,"minecraft:apple":9,"minecraft:mangrove_propagule":1,"minecraft:iron_pickaxe":318,"minecraft:cobblestone":89,"minecraft:cooked_porkchop":3,"twilightforest:steeleaf_axe":69,"minecraft:bucket":11,"minecraft:pumpkin_pie":1,"alexsmobs:animal_dictionary":3},"minecraft:killed_by":{"minecraft:creeper":1,"twilightforest:kobold":1,"minecraft:cave_spider":2,"minecraft:witch":1,"twilightforest:fire_beetle":2,"twilightforest:slime_beetle":2,"minecraft:skeleton":7,"twilightforest:redcap":2},"minecraft:dropped":{"minecraft:birch_slab":6,"minecraft:dirt":1,"minecraft:stone_button":9,"minecraft:cyan_carpet":2,"minecraft:mangrove_roots":6,"minecraft:wheat":1,"minecraft:rotten_flesh":6,"twilightforest:knightmetal_axe":1,"minecraft:carrot":1,"regions_unexplored:larch_boat":1,"minecraft:wheat_seeds":3,"minecraft:cobblestone":169,"minecraft:knowledge_book":1,"minecraft:granite":38,"minecraft:stick":1,"minecraft:diorite":3,"minecraft:iron_shovel":1,"minecraft:moss_carpet":1,"minecraft:iron_boots":2,"minecraft:iron_hoe":1},"minecraft:custom":{"minecraft:interact_with_crafting_table":47,"minecraft:open_barrel":2,"twilightforest:torchberries_harvested":5,"minecraft:leave_game":3,"minecraft:time_since_death":2170,"minecraft:damage_resisted":143,"minecraft:sprint_one_cm":606592,"minecraft:damage_blocked_by_shield":1965,"minecraft:drop":130,"minecraft:talked_to_villager":20,"minecraft:play_time":291869,"minecraft:deaths":19,"minecraft:jump":3558,"minecraft:walk_on_water_one_cm":59876,"minecraft:traded_with_villager":64,"minecraft:sleep_in_bed":18,"minecraft:damage_dealt":19213,"minecraft:crouch_one_cm":4604,"tombstone:undead_killed":19,"minecraft:mob_kills":126,"minecraft:damage_dealt_resisted":85,"minecraft:climb_one_cm":6484,"minecraft:walk_one_cm":640835,"minecraft:sneak_time":5697,"minecraft:walk_under_water_one_cm":73595,"minecraft:boat_one_cm":520269,"minecraft:total_world_time":291869,"tombstone:raider_killed":3,"minecraft:time_since_rest":1933,"minecraft:damage_taken":10428,"minecraft:swim_one_cm":109349,"minecraft:fly_one_cm":1975192,"minecraft:open_chest":97,"minecraft:fall_one_cm":112600}},"DataVersion":3465}