{"stats":{"minecraft:mined":{"regions_unexplored:maple_log":18,"minecraft:torch":1,"minecraft:granite":4,"minecraft:grass_block":487,"regions_unexplored:peat_grass_block":27,"regions_unexplored:larch_stairs":9,"regions_unexplored:maple_leaves":1,"regions_unexplored:purple_coneflower":1,"minecraft:diorite":2,"minecraft:large_fern":1,"regions_unexplored:stone_bud":8,"minecraft:carrots":16,"minecraft:birch_log":22,"minecraft:wheat":41,"regions_unexplored:mossy_stone":25,"minecraft:andesite":3,"minecraft:birch_leaves":1,"regions_unexplored:pine_leaves":7,"minecraft:grass":14,"minecraft:oak_log":16,"minecraft:potatoes":6,"minecraft:coal_ore":1,"minecraft:beetroots":5,"regions_unexplored:peat_dirt":14,"minecraft:gravel":47,"minecraft:dirt":354,"regions_unexplored:medium_grass":15,"minecraft:stone":172,"minecraft:oak_leaves":5,"minecraft:fern":1},"minecraft:picked_up":{"minecraft:birch_log":22,"regions_unexplored:peat_dirt":39,"minecraft:wheat":33,"minecraft:feather":1,"minecraft:andesite":3,"minecraft:leather":6,"minecraft:lead":2,"minecraft:potato":16,"minecraft:flint":3,"minecraft:oak_log":16,"minecraft:dirt":814,"minecraft:string":64,"minecraft:iron_shovel":1,"minecraft:bone":1,"minecraft:apple":1,"minecraft:beetroot":4,"minecraft:bow":2,"minecraft:wheat_seeds":109,"minecraft:beef":1,"minecraft:iron_ingot":64,"minecraft:iron_pickaxe":1,"minecraft:birch_sapling":3,"minecraft:iron_sword":1,"regions_unexplored:pine_shrub":1,"regions_unexplored:larch_stairs":9,"minecraft:stick":11,"minecraft:torch":5,"minecraft:gravel":42,"tombstone:grave_dust":2,"minecraft:diorite":2,"minecraft:carrot":46,"minecraft:mossy_cobblestone":23,"minecraft:rotten_flesh":1,"regions_unexplored:purple_coneflower":5,"minecraft:arrow":3,"regions_unexplored:maple_sapling":1,"minecraft:diamond":9,"minecraft:beetroot_seeds":14,"minecraft:iron_helmet":1,"minecraft:granite":4,"regions_unexplored:maple_log":16,"minecraft:oak_sapling":5,"minecraft:coal":1,"minecraft:cobblestone":167},"minecraft:broken":{"minecraft:iron_shovel":3},"minecraft:crafted":{"minecraft:oak_planks":28,"sophisticatedbackpacks:backpack":1,"minecraft:crafting_table":2,"minecraft:iron_helmet":1,"regions_unexplored:larch_planks":256,"minecraft:bucket":1,"minecraft:bread":11,"regions_unexplored:pine_planks":24,"minecraft:white_wool":3,"minecraft:iron_boots":1,"minecraft:iron_chestplate":1,"minecraft:iron_axe":1,"minecraft:stick":8,"minecraft:iron_pickaxe":1,"minecraft:chest":3,"minecraft:iron_shovel":4,"minecraft:iron_leggings":1,"minecraft:white_bed":1,"regions_unexplored:larch_stairs":80},"minecraft:custom":{"minecraft:mob_kills":6,"minecraft:interact_with_crafting_table":16,"minecraft:damage_dealt_resisted":0,"minecraft:time_since_death":58453,"minecraft:sleep_in_bed":4,"minecraft:time_since_rest":6956,"minecraft:sprint_one_cm":139788,"minecraft:damage_taken":844,"minecraft:walk_one_cm":172350,"minecraft:drop":2,"minecraft:damage_dealt":545,"minecraft:swim_one_cm":7045,"minecraft:talked_to_villager":2,"minecraft:fly_one_cm":132321,"minecraft:open_chest":16,"minecraft:crouch_one_cm":185,"minecraft:play_time":58453,"tombstone:undead_killed":3,"minecraft:sneak_time":133,"minecraft:walk_under_water_one_cm":7109,"minecraft:jump":864,"minecraft:walk_on_water_one_cm":6791,"minecraft:total_world_time":58453,"minecraft:fall_one_cm":29532},"minecraft:used":{"minecraft:water_bucket":1,"minecraft:iron_shovel":943,"minecraft:chest":2,"minecraft:iron_sword":15,"minecraft:torch":5,"minecraft:dirt":13,"minecraft:crafting_table":2,"minecraft:carrot":17,"minecraft:white_bed":1,"minecraft:iron_axe":71,"minecraft:bread":10,"regions_unexplored:larch_stairs":77,"minecraft:iron_pickaxe":216,"minecraft:bow":2,"minecraft:beef":1,"minecraft:bucket":2},"minecraft:dropped":{"minecraft:carrot":1,"minecraft:iron_shovel":1},"minecraft:killed":{"alexsmobs:seagull":1,"minecraft:skeleton":2,"minecraft:trader_llama":1,"minecraft:zombie":1,"minecraft:cow":1}},"DataVersion":3465}