{"stats":{"minecraft:mined":{"minecraft:spruce_planks":3,"minecraft:white_bed":2,"regions_unexplored:blue_lupine":1,"minecraft:mossy_cobblestone":1,"regions_unexplored:maple_log":66,"regions_unexplored:magnolia_log":1,"minecraft:mangrove_roots":2,"minecraft:granite":4,"minecraft:grass_block":551,"regions_unexplored:larch_stairs":9,"regions_unexplored:maple_leaves":4,"regions_unexplored:purple_coneflower":1,"minecraft:mangrove_propagule":1,"minecraft:rooted_dirt":1,"minecraft:large_fern":2,"minecraft:raw_iron_block":9,"regions_unexplored:stone_bud":8,"minecraft:glowstone":9,"minecraft:carrots":16,"minecraft:iron_ore":138,"regions_unexplored:mossy_stone":31,"minecraft:stripped_spruce_log":2,"minecraft:andesite":3,"twilightforest:twilight_oak_leaves":1,"minecraft:fletching_table":5,"regions_unexplored:pine_leaves":29,"minecraft:bookshelf":11,"minecraft:potatoes":8,"minecraft:vine":4,"regions_unexplored:medium_grass":24,"minecraft:stone":354,"regions_unexplored:windswept_grass":1,"minecraft:spruce_slab":1,"minecraft:oak_fence":2,"minecraft:torch":1,"twilightforest:torchberry_plant":1,"regions_unexplored:peat_grass_block":27,"minecraft:calcite":1,"minecraft:chest":1,"twilightforest:twilight_oak_log":9,"minecraft:rose_bush":1,"minecraft:copper_ore":5,"minecraft:oak_planks":9,"minecraft:sugar_cane":4,"minecraft:diorite":7,"regions_unexplored:pine_log":3,"regions_unexplored:pine_branch":1,"minecraft:coarse_dirt":9,"minecraft:birch_log":25,"minecraft:wheat":41,"minecraft:spruce_log":16,"minecraft:birch_leaves":2,"minecraft:mangrove_leaves":39,"minecraft:grass":22,"minecraft:oak_log":116,"minecraft:coal_ore":43,"minecraft:beetroots":5,"regions_unexplored:peat_dirt":18,"minecraft:cyan_carpet":1,"minecraft:gravel":135,"minecraft:dirt":466,"minecraft:mangrove_log":6,"minecraft:stonecutter":1,"regions_unexplored:maple_shrub":1,"minecraft:gold_ore":9,"minecraft:oak_leaves":39,"regions_unexplored:peat_podzol":5,"minecraft:fern":1},"minecraft:crafted":{"minecraft:oak_planks":408,"regions_unexplored:maple_planks":180,"minecraft:birch_boat":1,"minecraft:birch_slab":6,"minecraft:furnace":1,"regions_unexplored:larch_planks":256,"sophisticatedbackpacks:crafting_upgrade":1,"sophisticatedbackpacks:smelting_upgrade":1,"minecraft:iron_boots":1,"twilightforest:twilight_oak_planks":28,"minecraft:iron_axe":2,"minecraft:iron_hoe":1,"minecraft:chest":6,"regions_unexplored:magnolia_planks":4,"regions_unexplored:larch_stairs":80,"sophisticatedbackpacks:iron_backpack":1,"twilightforest:magic_map_focus":1,"minecraft:emerald":64,"sophisticatedbackpacks:backpack":1,"minecraft:crafting_table":5,"minecraft:spruce_planks":64,"minecraft:iron_helmet":1,"sophisticatedbackpacks:gold_backpack":1,"minecraft:fletching_table":3,"minecraft:mangrove_planks":24,"minecraft:bucket":1,"minecraft:birch_planks":12,"sophisticatedbackpacks:upgrade_base":2,"minecraft:bread":13,"minecraft:air":0,"regions_unexplored:pine_planks":92,"minecraft:white_wool":3,"minecraft:iron_chestplate":1,"minecraft:paper":3,"minecraft:stick":1376,"minecraft:iron_pickaxe":1,"minecraft:iron_shovel":5,"minecraft:iron_leggings":1,"minecraft:white_bed":2},"minecraft:killed":{"twilightforest:boar":1,"minecraft:spider":1,"alexsmobs:seagull":1,"minecraft:skeleton":3,"twilightforest:swarm_spider":4,"minecraft:bat":1,"twilightforest:kobold":13,"twilightforest:raven":2,"minecraft:sheep":7,"minecraft:trader_llama":3,"twilightforest:redcap":4,"minecraft:zombie":6,"alexsmobs:fly":1,"minecraft:cow":5,"twilightforest:bighorn_sheep":3},"minecraft:picked_up":{"minecraft:coarse_dirt":7,"minecraft:wheat":65,"twilightforest:ironwood_boots":1,"regions_unexplored:magnolia_log":1,"minecraft:lead":4,"twilightforest:steeleaf_axe":1,"minecraft:string":70,"minecraft:moss_carpet":1,"minecraft:raw_copper":19,"minecraft:iron_shovel":1,"minecraft:cyan_carpet":2,"minecraft:beetroot":4,"regions_unexplored:pine_log":3,"minecraft:gold_nugget":6,"minecraft:spruce_planks":3,"minecraft:beef":8,"minecraft:calcite":1,"minecraft:iron_pickaxe":1,"minecraft:spruce_slab":1,"minecraft:sugar_cane":10,"minecraft:chest":1,"minecraft:birch_sapling":3,"regions_unexplored:pine_shrub":1,"minecraft:mangrove_log":6,"minecraft:iron_boots":4,"minecraft:lime_wool":1,"minecraft:stick":748,"minecraft:raw_iron":136,"apotheosis:gem":2,"minecraft:oak_fence":1,"minecraft:torch":5,"regions_unexplored:blue_lupine":1,"minecraft:porkchop":2,"minecraft:stone_button":9,"tombstone:grave_dust":2,"minecraft:diorite":7,"minecraft:carrot":46,"minecraft:redstone":107,"regions_unexplored:purple_coneflower":5,"minecraft:arrow":3,"minecraft:rotten_flesh":6,"regions_unexplored:maple_sapling":1,"minecraft:beetroot_seeds":14,"minecraft:mangrove_roots":4,"minecraft:mutton":15,"minecraft:white_wool":7,"minecraft:cobblestone":344,"minecraft:birch_log":25,"regions_unexplored:peat_dirt":40,"minecraft:feather":1,"twilightforest:twilight_oak_log":7,"minecraft:birch_slab":2,"minecraft:andesite":3,"twilightforest:knightmetal_pickaxe":1,"minecraft:brown_wool":2,"minecraft:leather":10,"minecraft:potato":22,"minecraft:flint":9,"minecraft:oak_log":111,"minecraft:dirt":980,"minecraft:lantern":1,"minecraft:bone":1,"minecraft:apple":1,"minecraft:bow":2,"minecraft:wheat_seeds":118,"minecraft:raw_gold":9,"minecraft:iron_ingot":64,"minecraft:fletching_table":5,"minecraft:glowstone_dust":30,"minecraft:iron_sword":1,"minecraft:oak_planks":9,"minecraft:book":33,"regions_unexplored:larch_stairs":9,"minecraft:birch_boat":4,"regions_unexplored:pine_sapling":1,"minecraft:raw_iron_block":7,"minecraft:gravel":121,"minecraft:stripped_spruce_log":1,"minecraft:white_bed":2,"minecraft:spruce_log":16,"minecraft:mossy_cobblestone":30,"minecraft:diamond":9,"minecraft:soul_lantern":2,"twilightforest:raven_feather":1,"minecraft:iron_helmet":1,"minecraft:granite":4,"regions_unexplored:maple_log":61,"minecraft:mangrove_propagule":3,"alexsmobs:maggot":2,"minecraft:oak_sapling":6,"minecraft:coal":51,"regions_unexplored:larch_boat":1,"twilightforest:torchberries":5},"minecraft:broken":{"minecraft:iron_shovel":4,"twilightforest:steeleaf_axe":1,"minecraft:iron_axe":1,"minecraft:iron_pickaxe":1},"minecraft:used":{"regions_unexplored:pine_planks":4,"minecraft:iron_shovel":1205,"minecraft:chest":5,"minecraft:iron_sword":53,"minecraft:torch":5,"minecraft:dirt":105,"minecraft:carrot":75,"minecraft:stripped_spruce_log":1,"minecraft:iron_hoe":38,"minecraft:iron_axe":294,"minecraft:beef":1,"minecraft:bow":3,"tombstone:gift":3,"minecraft:cooked_beef":1,"minecraft:potato":17,"minecraft:knowledge_book":15,"minecraft:cooked_mutton":9,"minecraft:water_bucket":6,"twilightforest:knightmetal_pickaxe":329,"minecraft:oak_planks":1,"minecraft:birch_boat":4,"minecraft:fletching_table":8,"minecraft:crafting_table":4,"minecraft:white_bed":3,"regions_unexplored:magnolia_planks":4,"minecraft:mangrove_propagule":1,"minecraft:bread":21,"regions_unexplored:larch_stairs":77,"minecraft:iron_pickaxe":318,"minecraft:gravel":72,"minecraft:cobblestone":28,"twilightforest:steeleaf_axe":69,"minecraft:bucket":7,"alexsmobs:animal_dictionary":2},"minecraft:killed_by":{"twilightforest:kobold":1,"twilightforest:redcap":2},"minecraft:dropped":{"minecraft:wheat_seeds":3,"minecraft:birch_slab":6,"minecraft:stick":1,"minecraft:dirt":1,"minecraft:stone_button":9,"minecraft:iron_shovel":1,"minecraft:mangrove_roots":4,"minecraft:wheat":1,"minecraft:rotten_flesh":5,"minecraft:iron_boots":2,"twilightforest:knightmetal_axe":1,"minecraft:carrot":1,"regions_unexplored:larch_boat":1},"minecraft:custom":{"minecraft:mob_kills":55,"minecraft:interact_with_crafting_table":41,"minecraft:open_barrel":2,"twilightforest:torchberries_harvested":5,"minecraft:damage_dealt_resisted":0,"minecraft:leave_game":3,"minecraft:time_since_death":75945,"minecraft:climb_one_cm":1016,"minecraft:damage_resisted":0,"minecraft:sprint_one_cm":490946,"minecraft:walk_one_cm":487311,"minecraft:drop":35,"minecraft:talked_to_villager":20,"minecraft:play_time":201869,"minecraft:deaths":3,"minecraft:sneak_time":947,"minecraft:walk_under_water_one_cm":15769,"minecraft:boat_one_cm":76680,"minecraft:jump":2591,"minecraft:walk_on_water_one_cm":29855,"minecraft:total_world_time":201869,"minecraft:traded_with_villager":64,"minecraft:sleep_in_bed":12,"minecraft:time_since_rest":32624,"minecraft:damage_taken":3681,"minecraft:damage_dealt":6044,"minecraft:swim_one_cm":29089,"minecraft:fly_one_cm":1502036,"minecraft:open_chest":56,"minecraft:crouch_one_cm":996,"tombstone:undead_killed":9,"minecraft:fall_one_cm":84110}},"DataVersion":3465}