{"stats":{"minecraft:mined":{"minecraft:white_bed":1,"minecraft:mossy_cobblestone":1,"regions_unexplored:maple_log":66,"minecraft:granite":4,"minecraft:grass_block":549,"regions_unexplored:larch_stairs":9,"regions_unexplored:maple_leaves":4,"regions_unexplored:purple_coneflower":1,"minecraft:rooted_dirt":1,"minecraft:large_fern":1,"regions_unexplored:stone_bud":8,"minecraft:carrots":16,"minecraft:iron_ore":12,"regions_unexplored:mossy_stone":31,"minecraft:andesite":3,"minecraft:fletching_table":5,"regions_unexplored:pine_leaves":7,"minecraft:potatoes":8,"regions_unexplored:medium_grass":24,"minecraft:stone":278,"minecraft:oak_fence":2,"twilightforest:torchberry_plant":1,"minecraft:torch":1,"regions_unexplored:peat_grass_block":27,"twilightforest:twilight_oak_log":9,"minecraft:oak_planks":9,"minecraft:sugar_cane":2,"minecraft:diorite":6,"minecraft:coarse_dirt":9,"minecraft:birch_log":22,"minecraft:wheat":41,"minecraft:spruce_log":16,"minecraft:birch_leaves":1,"minecraft:grass":21,"minecraft:coal_ore":1,"minecraft:oak_log":116,"minecraft:beetroots":5,"regions_unexplored:peat_dirt":18,"minecraft:gravel":135,"minecraft:dirt":461,"minecraft:stonecutter":1,"regions_unexplored:maple_shrub":1,"minecraft:oak_leaves":5,"regions_unexplored:peat_podzol":5,"minecraft:fern":1},"minecraft:picked_up":{"minecraft:coarse_dirt":7,"minecraft:wheat":62,"minecraft:lead":4,"twilightforest:steeleaf_axe":1,"minecraft:string":64,"minecraft:iron_shovel":1,"minecraft:beetroot":4,"minecraft:gold_nugget":3,"minecraft:beef":1,"minecraft:iron_pickaxe":1,"minecraft:sugar_cane":4,"minecraft:birch_sapling":3,"regions_unexplored:pine_shrub":1,"minecraft:iron_boots":2,"minecraft:lime_wool":1,"minecraft:raw_iron":12,"minecraft:stick":747,"apotheosis:gem":2,"minecraft:oak_fence":1,"minecraft:torch":5,"minecraft:porkchop":2,"minecraft:stone_button":9,"tombstone:grave_dust":2,"minecraft:diorite":6,"minecraft:carrot":46,"minecraft:redstone":107,"regions_unexplored:purple_coneflower":5,"minecraft:arrow":3,"minecraft:rotten_flesh":3,"regions_unexplored:maple_sapling":1,"minecraft:beetroot_seeds":14,"minecraft:mutton":5,"minecraft:cobblestone":272,"minecraft:birch_log":22,"regions_unexplored:peat_dirt":40,"minecraft:feather":1,"twilightforest:twilight_oak_log":7,"minecraft:andesite":3,"twilightforest:knightmetal_pickaxe":1,"minecraft:brown_wool":2,"minecraft:leather":8,"minecraft:potato":22,"minecraft:flint":9,"minecraft:oak_log":111,"minecraft:dirt":973,"minecraft:bone":1,"minecraft:apple":1,"minecraft:bow":2,"minecraft:wheat_seeds":117,"minecraft:iron_ingot":64,"minecraft:fletching_table":5,"minecraft:iron_sword":1,"minecraft:oak_planks":9,"regions_unexplored:larch_stairs":9,"minecraft:gravel":121,"minecraft:white_bed":1,"minecraft:spruce_log":16,"minecraft:mossy_cobblestone":30,"minecraft:diamond":9,"twilightforest:raven_feather":1,"minecraft:iron_helmet":1,"minecraft:granite":4,"regions_unexplored:maple_log":61,"minecraft:oak_sapling":6,"minecraft:coal":1,"regions_unexplored:larch_boat":1,"twilightforest:torchberries":5},"minecraft:broken":{"minecraft:iron_shovel":4,"minecraft:iron_axe":1,"minecraft:iron_pickaxe":1},"minecraft:crafted":{"minecraft:oak_planks":408,"regions_unexplored:maple_planks":180,"minecraft:furnace":1,"regions_unexplored:larch_planks":256,"sophisticatedbackpacks:crafting_upgrade":1,"sophisticatedbackpacks:smelting_upgrade":1,"minecraft:iron_boots":1,"twilightforest:twilight_oak_planks":28,"minecraft:iron_axe":2,"minecraft:iron_hoe":1,"minecraft:chest":4,"regions_unexplored:larch_stairs":80,"sophisticatedbackpacks:iron_backpack":1,"sophisticatedbackpacks:backpack":1,"minecraft:emerald":64,"minecraft:crafting_table":3,"minecraft:spruce_planks":64,"minecraft:iron_helmet":1,"minecraft:fletching_table":3,"minecraft:bucket":1,"sophisticatedbackpacks:upgrade_base":2,"minecraft:bread":13,"minecraft:air":0,"regions_unexplored:pine_planks":80,"minecraft:iron_chestplate":1,"minecraft:white_wool":3,"minecraft:stick":1376,"minecraft:iron_pickaxe":1,"minecraft:iron_shovel":5,"minecraft:iron_leggings":1,"minecraft:white_bed":1},"minecraft:used":{"minecraft:iron_shovel":1205,"minecraft:chest":2,"minecraft:iron_sword":31,"minecraft:torch":5,"minecraft:dirt":102,"minecraft:carrot":75,"minecraft:iron_hoe":38,"minecraft:iron_axe":258,"minecraft:beef":1,"minecraft:bow":3,"minecraft:potato":17,"minecraft:water_bucket":3,"twilightforest:knightmetal_pickaxe":47,"minecraft:oak_planks":1,"minecraft:fletching_table":8,"minecraft:crafting_table":2,"minecraft:white_bed":2,"minecraft:bread":13,"regions_unexplored:larch_stairs":77,"minecraft:iron_pickaxe":318,"minecraft:gravel":72,"twilightforest:steeleaf_axe":29,"minecraft:bucket":4},"minecraft:custom":{"minecraft:mob_kills":26,"minecraft:interact_with_crafting_table":33,"minecraft:open_barrel":2,"twilightforest:torchberries_harvested":5,"minecraft:damage_dealt_resisted":0,"minecraft:time_since_death":118453,"minecraft:damage_resisted":0,"minecraft:sprint_one_cm":345796,"minecraft:walk_one_cm":349450,"minecraft:drop":23,"minecraft:talked_to_villager":20,"minecraft:play_time":118453,"minecraft:sneak_time":322,"minecraft:walk_under_water_one_cm":13590,"minecraft:jump":1712,"minecraft:walk_on_water_one_cm":9449,"minecraft:total_world_time":118453,"minecraft:traded_with_villager":64,"minecraft:sleep_in_bed":10,"minecraft:time_since_rest":23793,"minecraft:damage_taken":1836,"minecraft:damage_dealt":2944,"minecraft:swim_one_cm":17921,"minecraft:fly_one_cm":626403,"minecraft:open_chest":31,"minecraft:crouch_one_cm":318,"tombstone:undead_killed":6,"minecraft:fall_one_cm":57772},"minecraft:dropped":{"minecraft:wheat_seeds":3,"minecraft:dirt":1,"minecraft:stone_button":9,"minecraft:iron_shovel":1,"minecraft:wheat":1,"minecraft:rotten_flesh":3,"minecraft:iron_boots":2,"twilightforest:knightmetal_axe":1,"minecraft:carrot":1,"regions_unexplored:larch_boat":1},"minecraft:killed":{"twilightforest:boar":1,"alexsmobs:seagull":1,"minecraft:skeleton":3,"minecraft:bat":1,"twilightforest:kobold":8,"twilightforest:raven":2,"minecraft:trader_llama":3,"minecraft:zombie":3,"twilightforest:bighorn_sheep":3,"minecraft:cow":1}},"DataVersion":3465}