{"stats":{"minecraft:picked_up":{"minecraft:sand":1},"minecraft:mined":{"minecraft:sand":1},"minecraft:custom":{"minecraft:jump":54,"minecraft:time_since_rest":129,"minecraft:damage_dealt":80,"minecraft:deaths":1,"minecraft:sprint_one_cm":9309,"minecraft:play_time":3533,"minecraft:damage_taken":240,"minecraft:time_since_death":465,"minecraft:walk_one_cm":4521,"minecraft:total_world_time":3533,"minecraft:mob_kills":1,"minecraft:fall_one_cm":836,"minecraft:fly_one_cm":13356},"minecraft:killed":{"alexsmobs:rattlesnake":1},"minecraft:killed_by":{"minecraft:player":1}},"DataVersion":3465}