{"stats":{"minecraft:killed_by":{"minecraft:creeper":1,"minecraft:zombie":4,"alexsmobs:grizzly_bear":38,"minecraft:player":41,"minecraft:spider":2,"minecraft:skeleton":11},"minecraft:killed":{"minecraft:witch":2,"minecraft:spider":9,"minecraft:skeleton":24,"alexsmobs:centipede_head":2,"minecraft:skeleton_horse":1,"minecraft:pig":2,"alexsmobs:grizzly_bear":1,"minecraft:zombie_villager":2,"minecraft:creeper":2,"minecraft:sheep":3,"minecraft:zombie":38,"minecraft:cow":9,"minecraft:horse":2,"minecraft:drowned":3,"minecraft:husk":2,"alexsmobs:skunk":1,"minecraft:enderman":1},"minecraft:picked_up":{"minecraft:wooden_axe":2,"minecraft:iron_chestplate":2,"minecraft:wheat":19,"minecraft:chainmail_boots":4,"minecraft:redstone_block":1,"minecraft:flower_pot":1,"regions_unexplored:magnolia_log":1,"minecraft:lead":7,"minecraft:enchanted_book":7,"tombstone:grave_key":2,"minecraft:string":71,"minecraft:experience_bottle":4,"minecraft:cobbled_deepslate":13,"minecraft:spruce_planks":57,"minecraft:iron_pickaxe":2,"minecraft:coal_block":6,"minecraft:furnace":9,"minecraft:stick":7,"apotheosis:gem":5,"minecraft:oak_fence":1,"minecraft:torch":1,"minecraft:green_bed":7,"minecraft:porkchop":5,"tombstone:grave_dust":13,"minecraft:diorite":1,"alexsmobs:centipede_leg":3,"regions_unexplored:pink_magnolia_sapling":1,"minecraft:rotten_flesh":21,"aether:chainmail_gloves":1,"minecraft:iron_block":1,"minecraft:leather_horse_armor":2,"regions_unexplored:magnolia_sapling":1,"minecraft:iron_bars":11,"minecraft:cobblestone":57,"minecraft:leather_chestplate":4,"minecraft:cooked_beef":2,"minecraft:jungle_log":6,"minecraft:andesite":1,"regions_unexplored:white_magnolia_shrub":2,"minecraft:potato":3,"alexsmobs:bear_fur":2,"minecraft:map":1,"minecraft:dirt":91,"minecraft:lantern":1,"minecraft:bone":12,"minecraft:bow":2,"minecraft:wheat_seeds":73,"minecraft:raw_gold":36,"regions_unexplored:dropleaf":1,"minecraft:oak_planks":8,"minecraft:axolotl_bucket":1,"minecraft:jungle_planks":14,"minecraft:stripped_spruce_log":8,"minecraft:lily_of_the_valley":2,"minecraft:dead_bush":3,"alexsmobs:animal_dictionary":1,"minecraft:mossy_cobblestone":1,"minecraft:bundle":3,"minecraft:diamond":3,"minecraft:spruce_boat":1,"minecraft:soul_lantern":2,"regions_unexplored:clover":2,"minecraft:chainmail_helmet":2,"minecraft:emerald":2,"regions_unexplored:magnolia_boat":1,"minecraft:oak_sapling":1,"minecraft:cocoa_beans":1,"minecraft:charcoal":2,"minecraft:crafting_table":2,"minecraft:turtle_helmet":1,"minecraft:leather_leggings":3,"minecraft:wooden_pickaxe":2,"regions_unexplored:blue_bioshroom":2,"minecraft:shield":1,"minecraft:moss_carpet":1,"minecraft:iron_axe":1,"minecraft:item_frame":1,"minecraft:white_carpet":1,"minecraft:cyan_carpet":1,"regions_unexplored:duskmelon_slice":1,"minecraft:beef":18,"minecraft:egg":3,"minecraft:raw_iron":30,"minecraft:spruce_fence":3,"minecraft:stone_button":2,"minecraft:trident":2,"minecraft:carrot":4,"minecraft:redstone":4,"minecraft:tnt":5,"regions_unexplored:dusktrap":2,"minecraft:arrow":15,"minecraft:hay_block":2,"minecraft:saddle":2,"tombstone:essence_of_undeath":1,"minecraft:gold_ingot":4,"minecraft:mutton":6,"minecraft:white_wool":14,"minecraft:stripped_oak_log":2,"minecraft:leather":6,"minecraft:oak_log":3,"minecraft:chainmail_chestplate":2,"minecraft:gunpowder":2,"tombstone:gift":2,"minecraft:cooked_mutton":4,"minecraft:red_carpet":4,"minecraft:apple":6,"minecraft:stone_bricks":8,"alexsmobs:cockroach_wing_fragment":2,"minecraft:iron_ingot":22,"minecraft:stone_pickaxe":4,"minecraft:cooked_chicken":3,"minecraft:glass_bottle":1,"minecraft:acacia_sapling":1,"minecraft:iron_sword":3,"minecraft:book":84,"minecraft:scaffolding":34,"regions_unexplored:white_magnolia_sapling":1,"minecraft:spruce_sapling":3,"minecraft:white_bed":1,"minecraft:spruce_log":23,"minecraft:spider_eye":4,"minecraft:leather_helmet":1,"minecraft:firework_rocket":1,"minecraft:stone_axe":3,"minecraft:chainmail_leggings":1,"minecraft:painting":1,"regions_unexplored:maple_log":5,"minecraft:baked_potato":1,"minecraft:coal":312},"minecraft:dropped":{"minecraft:iron_sword":2,"minecraft:porkchop":2,"minecraft:baked_potato":1,"minecraft:crafting_table":1,"minecraft:leather":6,"regions_unexplored:blue_bioshroom":2,"minecraft:leather_helmet":1,"minecraft:red_carpet":1,"minecraft:cod":9,"minecraft:dirt":4,"minecraft:stone_button":2,"minecraft:axolotl_bucket":1,"minecraft:iron_pickaxe":1,"minecraft:white_wool":14,"minecraft:cyan_carpet":1,"minecraft:gold_ingot":4,"minecraft:bone":8,"minecraft:stone_axe":3,"minecraft:cooked_chicken":1,"minecraft:cobbled_deepslate":11,"minecraft:soul_lantern":2,"minecraft:rotten_flesh":17,"minecraft:chainmail_chestplate":1,"minecraft:leather_chestplate":1,"minecraft:trident":2,"minecraft:gunpowder":2,"minecraft:charcoal":2,"apotheosis:gem":3,"minecraft:chainmail_boots":2,"minecraft:leather_leggings":1,"minecraft:painting":1,"minecraft:iron_bars":2,"minecraft:arrow":1,"minecraft:egg":1,"minecraft:stripped_spruce_log":8,"minecraft:wheat_seeds":8,"minecraft:tnt":1,"minecraft:book":39,"minecraft:apple":2,"minecraft:chainmail_helmet":2,"minecraft:stick":12,"tombstone:grave_key":5,"minecraft:wooden_axe":1,"tombstone:grave_dust":1,"minecraft:dead_bush":4,"minecraft:chainmail_leggings":1,"minecraft:string":4,"minecraft:spruce_sapling":6,"minecraft:redstone":9,"minecraft:cocoa_beans":1,"regions_unexplored:clover":2,"minecraft:spruce_fence":2,"alexsmobs:bear_fur":2,"minecraft:lily_of_the_valley":2,"minecraft:filled_map":1,"minecraft:flower_pot":1,"alexsmobs:cockroach_wing_fragment":2,"minecraft:spruce_planks":27,"minecraft:bundle":1,"regions_unexplored:white_magnolia_shrub":2,"minecraft:spider_eye":1,"minecraft:stone_bricks":3,"minecraft:bow":1,"minecraft:stone_pickaxe":1,"minecraft:wooden_pickaxe":1,"minecraft:raw_gold":18},"minecraft:broken":{"minecraft:leather_leggings":1,"minecraft:chainmail_boots":1,"minecraft:chainmail_chestplate":1,"minecraft:iron_sword":1,"minecraft:wooden_axe":1,"aether:chainmail_gloves":1,"minecraft:chainmail_leggings":1,"minecraft:iron_axe":1,"aether:leather_gloves":1,"minecraft:turtle_helmet":1},"minecraft:crafted":{"minecraft:oak_planks":12,"regions_unexplored:maple_planks":20,"minecraft:chest":1,"hammered:iron_hammer":1,"minecraft:crafting_table":10,"minecraft:spruce_planks":116,"minecraft:wooden_pickaxe":2,"minecraft:baked_potato":13,"minecraft:gold_block":4,"minecraft:stick":32,"minecraft:iron_pickaxe":1,"minecraft:iron_ingot":80,"minecraft:iron_block":9,"minecraft:stone_sword":3,"minecraft:gold_ingot":18,"minecraft:wooden_sword":1,"minecraft:redstone":9,"minecraft:coal":68,"minecraft:stone_pickaxe":1,"minecraft:spruce_boat":1,"regions_unexplored:magnolia_planks":4,"minecraft:wheat":18,"minecraft:cooked_beef":15,"minecraft:iron_sword":1,"minecraft:bucket":2,"minecraft:stone_axe":1,"minecraft:bread":6,"minecraft:air":0,"minecraft:jungle_planks":24,"minecraft:wooden_axe":1},"minecraft:mined":{"minecraft:spruce_planks":3,"minecraft:white_bed":1,"regions_unexplored:blue_lupine":1,"regions_unexplored:maple_log":5,"minecraft:jungle_leaves":1,"regions_unexplored:magnolia_log":1,"minecraft:spruce_trapdoor":1,"regions_unexplored:dropleaf":1,"minecraft:grass_block":38,"minecraft:stone_brick_wall":3,"minecraft:jungle_log":4,"minecraft:coal_block":7,"regions_unexplored:blue_bioshroom":1,"minecraft:iron_ore":10,"minecraft:fire":27,"regions_unexplored:mossy_stone":1,"regions_unexplored:purple_lupine":1,"minecraft:dirt_path":1,"minecraft:iron_bars":7,"minecraft:iron_block":1,"minecraft:green_bed":5,"minecraft:spruce_slab":4,"regions_unexplored:white_magnolia_leaves":6,"minecraft:clay":1,"regions_unexplored:peat_grass_block":2,"minecraft:cobblestone":6,"regions_unexplored:hyssop":2,"minecraft:dark_oak_slab":5,"minecraft:wheat":19,"minecraft:tnt":8,"minecraft:grass":78,"minecraft:oak_log":3,"minecraft:dirt":59,"minecraft:sand":1,"regions_unexplored:clover":4,"minecraft:oak_leaves":27,"minecraft:deepslate":22,"minecraft:red_carpet":4,"minecraft:deepslate_diamond_ore":3,"regions_unexplored:pink_lupine":2,"regions_unexplored:dusktrap":1,"minecraft:allium":1,"minecraft:spruce_fence":3,"minecraft:redstone_wire":4,"regions_unexplored:magnolia_leaves":27,"regions_unexplored:duskmelon":1,"minecraft:hay_block":2,"regions_unexplored:argillite":4,"minecraft:furnace":9,"minecraft:carrots":4,"minecraft:andesite":1,"minecraft:stripped_spruce_log":8,"regions_unexplored:larch_leaves":5,"minecraft:bookshelf":19,"minecraft:potatoes":2,"minecraft:deepslate_iron_ore":2,"minecraft:vine":2,"regions_unexplored:apple_oak_leaves":1,"minecraft:stripped_oak_log":2,"regions_unexplored:medium_grass":9,"minecraft:stone":135,"minecraft:oak_slab":1,"minecraft:acacia_leaves":1,"minecraft:scaffolding":20,"minecraft:redstone_block":1,"minecraft:potted_lily_of_the_valley":1,"minecraft:oak_fence":1,"minecraft:crafting_table":2,"regions_unexplored:pink_magnolia_leaves":16,"minecraft:campfire":1,"minecraft:tall_grass":25,"minecraft:copper_ore":1,"minecraft:deepslate_gold_ore":16,"minecraft:diorite":33,"minecraft:black_stained_glass":1,"minecraft:white_carpet":1,"minecraft:birch_leaves":1,"regions_unexplored:sandy_grass":1,"minecraft:coal_ore":14,"minecraft:cyan_carpet":1,"minecraft:cobweb":24,"regions_unexplored:blackwood_leaves":1,"minecraft:stone_bricks":16,"minecraft:mossy_stone_bricks":1,"minecraft:gold_ore":3,"minecraft:fern":6},"minecraft:used":{"minecraft:iron_shovel":11,"minecraft:chest":1,"minecraft:shield":29,"minecraft:iron_sword":356,"minecraft:iron_chestplate":2,"minecraft:mutton":6,"minecraft:acacia_sapling":1,"minecraft:spruce_boat":2,"minecraft:lantern":1,"minecraft:stone_bricks":3,"minecraft:item_frame":1,"minecraft:red_carpet":3,"minecraft:bow":11,"minecraft:sweet_berries":3,"minecraft:furnace":6,"minecraft:egg":2,"minecraft:potato":5,"minecraft:diorite":1,"minecraft:stone_pickaxe":64,"minecraft:oak_planks":2,"minecraft:leather_chestplate":2,"minecraft:wooden_pickaxe":21,"minecraft:chainmail_helmet":1,"minecraft:sand":1,"regions_unexplored:dusktrap":2,"minecraft:firework_rocket":1,"minecraft:bread":49,"tombstone:grave_key":37,"minecraft:wooden_sword":42,"minecraft:chainmail_boots":2,"minecraft:andesite":1,"minecraft:experience_bottle":4,"minecraft:oak_fence":1,"minecraft:trident":16,"minecraft:iron_bars":3,"minecraft:stone_sword":90,"minecraft:dead_bush":1,"minecraft:redstone":4,"minecraft:spruce_planks":48,"minecraft:cooked_chicken":2,"minecraft:torch":1,"minecraft:dirt":67,"minecraft:white_carpet":1,"tombstone:scroll_of_aquatic_life":1,"minecraft:spruce_fence":1,"minecraft:wooden_axe":46,"minecraft:iron_axe":184,"regions_unexplored:duskmelon_slice":2,"minecraft:beef":3,"tombstone:gift":12,"minecraft:cooked_beef":16,"minecraft:cobbled_deepslate":2,"minecraft:cooked_mutton":4,"minecraft:water_bucket":5,"minecraft:bundle":1,"minecraft:baked_potato":13,"minecraft:green_bed":7,"minecraft:tnt":4,"minecraft:crafting_table":11,"minecraft:white_bed":1,"regions_unexplored:magnolia_planks":4,"hammered:iron_hammer":150,"minecraft:spruce_log":3,"minecraft:apple":4,"minecraft:iron_pickaxe":229,"minecraft:map":1,"regions_unexplored:dropleaf":1,"minecraft:spruce_sapling":1,"minecraft:stone_axe":13,"minecraft:cobblestone":23,"minecraft:turtle_helmet":1,"minecraft:porkchop":3,"minecraft:bucket":7,"minecraft:pumpkin_pie":1},"minecraft:custom":{"minecraft:interact_with_crafting_table":25,"minecraft:open_barrel":3,"minecraft:leave_game":2,"minecraft:time_since_death":115,"minecraft:damage_resisted":304,"minecraft:sprint_one_cm":1066823,"minecraft:damage_blocked_by_shield":2547,"minecraft:drop":164,"minecraft:talked_to_villager":1,"minecraft:play_time":285694,"minecraft:deaths":102,"tombstone:tomb_raiding":4,"minecraft:jump":4323,"minecraft:walk_on_water_one_cm":53284,"minecraft:interact_with_furnace":43,"minecraft:sleep_in_bed":5,"tombstone:sneak_grave":45,"minecraft:damage_dealt":29094,"minecraft:player_kills":27,"minecraft:crouch_one_cm":12937,"tombstone:undead_killed":70,"minecraft:horse_one_cm":755621,"minecraft:mob_kills":106,"minecraft:damage_dealt_resisted":0,"minecraft:climb_one_cm":13104,"minecraft:walk_one_cm":1114616,"minecraft:sneak_time":7030,"minecraft:walk_under_water_one_cm":59884,"minecraft:boat_one_cm":39183,"minecraft:total_world_time":285694,"tombstone:raider_killed":2,"minecraft:time_since_rest":1,"minecraft:damage_taken":34584,"minecraft:damage_absorbed":803,"minecraft:trigger_trapped_chest":4,"tombstone:cast_on_ally":1,"minecraft:swim_one_cm":123568,"minecraft:fly_one_cm":985672,"minecraft:open_chest":169,"minecraft:fall_one_cm":161067}},"DataVersion":3465}