{
  "stellarity:cursed_tome/root": {
    "criteria": {
      "requirement": "2024-11-18 03:06:09 +0000"
    },
    "done": true
  },
  "minecraft:recipes/decorations/crafting_table": {
    "criteria": {
      "unlock_right_away": "2024-11-18 03:06:09 +0000"
    },
    "done": true
  },
  "stellarity:dragons_den/cursed_tome/root": {
    "criteria": {
      "requirement": "2024-11-18 03:06:09 +0000"
    },
    "done": true
  },
  "tombstone:adventure/root": {
    "criteria": {
      "auto": "2024-11-18 03:06:10 +0000"
    },
    "done": true
  },
  "regions_unexplored:parent": {
    "criteria": {
      "load_in_world": "2024-11-18 03:06:10 +0000"
    },
    "done": true
  },
  "regions_unexplored:regions_explored": {
    "criteria": {
      "magnolia_highlands": "2024-11-18 03:06:10 +0000",
      "lupine_plains": "2024-11-18 03:06:36 +0000"
    },
    "done": false
  },
  "regions_unexplored:pioneer": {
    "criteria": {
      "magnolia_highlands": "2024-11-18 03:06:10 +0000",
      "lupine_plains": "2024-11-18 03:06:36 +0000"
    },
    "done": false
  },
  "DataVersion": 3465
}