{
  "stellarity:cursed_tome/root": {
    "criteria": {
      "requirement": "2024-11-18 03:06:09 +0000"
    },
    "done": true
  },
  "stellarity:dragons_den/cursed_tome/root": {
    "criteria": {
      "requirement": "2024-11-18 03:06:09 +0000"
    },
    "done": true
  },
  "tombstone:adventure/root": {
    "criteria": {
      "auto": "2024-11-18 03:06:10 +0000"
    },
    "done": true
  },
  "regions_unexplored:parent": {
    "criteria": {
      "load_in_world": "2024-11-18 03:06:10 +0000"
    },
    "done": true
  },
  "regions_unexplored:regions_explored": {
    "criteria": {
      "shrubland": "2024-11-22 06:24:51 +0000",
      "pine_taiga": "2024-11-18 03:13:23 +0000",
      "muddy_river": "2024-11-18 03:12:25 +0000",
      "autumnal_maple_forest": "2024-11-18 04:24:41 +0000",
      "willow_forest": "2024-11-18 05:42:52 +0000",
      "grassy_beach": "2024-11-18 05:36:18 +0000",
      "rocky_meadow": "2024-11-18 05:43:01 +0000",
      "ochard": "2024-11-22 06:26:45 +0000",
      "flower_fields": "2024-11-18 05:44:14 +0000",
      "highland_fields": "2024-11-18 05:42:45 +0000",
      "maple_forest": "2024-11-18 03:10:15 +0000",
      "magnolia_highlands": "2024-11-18 03:06:10 +0000",
      "mountains": "2024-11-18 05:40:39 +0000",
      "deciduous_forest": "2024-11-18 05:45:17 +0000",
      "boreal_forest": "2024-11-18 03:13:07 +0000",
      "towering_cliffs": "2024-11-22 06:06:04 +0000",
      "temperate_grove": "2024-11-18 03:10:14 +0000",
      "pine_slopes": "2024-11-18 05:40:47 +0000",
      "grassland": "2024-11-18 05:49:13 +0000",
      "prairie": "2024-11-18 05:46:53 +0000",
      "redwoods": "2024-11-22 04:57:43 +0000",
      "lupine_plains": "2024-11-18 03:06:36 +0000"
    },
    "done": false
  },
  "regions_unexplored:pioneer": {
    "criteria": {
      "shrubland": "2024-11-22 06:24:51 +0000",
      "pine_taiga": "2024-11-18 03:13:23 +0000",
      "muddy_river": "2024-11-18 03:12:25 +0000",
      "autumnal_maple_forest": "2024-11-18 04:24:41 +0000",
      "willow_forest": "2024-11-18 05:42:52 +0000",
      "grassy_beach": "2024-11-18 05:36:18 +0000",
      "rocky_meadow": "2024-11-18 05:43:01 +0000",
      "ochard": "2024-11-22 06:26:45 +0000",
      "flower_fields": "2024-11-18 05:44:14 +0000",
      "highland_fields": "2024-11-18 05:42:45 +0000",
      "maple_forest": "2024-11-18 03:10:15 +0000",
      "magnolia_highlands": "2024-11-18 03:06:10 +0000",
      "mountains": "2024-11-18 05:40:39 +0000",
      "deciduous_forest": "2024-11-18 05:45:17 +0000",
      "boreal_forest": "2024-11-18 03:13:07 +0000",
      "towering_cliffs": "2024-11-22 06:06:04 +0000",
      "temperate_grove": "2024-11-18 03:10:14 +0000",
      "pine_slopes": "2024-11-18 05:40:47 +0000",
      "grassland": "2024-11-18 05:49:13 +0000",
      "prairie": "2024-11-18 05:46:53 +0000",
      "redwoods": "2024-11-22 04:57:43 +0000",
      "lupine_plains": "2024-11-18 03:06:36 +0000"
    },
    "done": false
  },
  "minecraft:adventure/root": {
    "criteria": {
      "killed_something": "2024-11-18 03:10:29 +0000"
    },
    "done": true
  },
  "minecraft:husbandry/root": {
    "criteria": {
      "consumed_item": "2024-11-18 03:10:35 +0000"
    },
    "done": true
  },
  "minecraft:husbandry/balanced_diet": {
    "criteria": {
      "cooked_porkchop": "2024-11-22 07:12:25 +0000",
      "cooked_mutton": "2024-11-18 05:18:30 +0000",
      "cooked_beef": "2024-11-22 04:59:06 +0000",
      "beef": "2024-11-18 03:10:35 +0000",
      "baked_potato": "2024-11-22 07:19:08 +0000",
      "apple": "2024-11-22 06:31:41 +0000",
      "cooked_cod": "2024-11-22 07:35:47 +0000",
      "pumpkin_pie": "2024-11-22 07:16:29 +0000",
      "bread": "2024-11-18 03:16:30 +0000",
      "rotten_flesh": "2024-11-23 03:54:48 +0000",
      "cod": "2024-11-22 07:05:13 +0000",
      "cooked_salmon": "2024-11-22 06:50:56 +0000",
      "carrot": "2024-11-18 03:12:21 +0000"
    },
    "done": false
  },
  "minecraft:adventure/adventuring_time": {
    "criteria": {
      "minecraft:sunflower_plains": "2024-11-22 06:28:33 +0000",
      "minecraft:birch_forest": "2024-11-18 05:39:09 +0000",
      "minecraft:beach": "2024-11-18 05:49:39 +0000",
      "minecraft:mangrove_swamp": "2024-11-22 06:07:05 +0000",
      "minecraft:sparse_jungle": "2024-11-18 05:50:31 +0000",
      "minecraft:lukewarm_ocean": "2024-11-18 05:49:50 +0000",
      "minecraft:river": "2024-11-18 05:43:31 +0000",
      "minecraft:stony_shore": "2024-11-18 05:37:59 +0000",
      "minecraft:grove": "2024-11-18 05:40:14 +0000",
      "minecraft:swamp": "2024-11-22 06:07:03 +0000",
      "minecraft:jagged_peaks": "2024-11-18 05:40:29 +0000",
      "minecraft:forest": "2024-11-18 03:11:27 +0000",
      "minecraft:ocean": "2024-11-18 05:37:03 +0000",
      "minecraft:jungle": "2024-11-22 06:07:04 +0000",
      "minecraft:windswept_savanna": "2024-11-22 04:57:52 +0000",
      "minecraft:flower_forest": "2024-11-22 06:30:57 +0000",
      "minecraft:old_growth_birch_forest": "2024-11-22 06:42:42 +0000",
      "minecraft:meadow": "2024-11-18 05:39:13 +0000",
      "minecraft:savanna": "2024-11-18 05:47:17 +0000",
      "minecraft:plains": "2024-11-18 04:24:42 +0000"
    },
    "done": false
  },
  "minecraft:story/smelt_iron": {
    "criteria": {
      "iron": "2024-11-18 03:13:39 +0000"
    },
    "done": true
  },
  "minecraft:story/mine_diamond": {
    "criteria": {
      "diamond": "2024-11-18 03:13:41 +0000"
    },
    "done": true
  },
  "regions_unexplored:got_wood": {
    "criteria": {
      "magnolia_log": "2024-11-18 05:42:54 +0000",
      "larch_log": "2024-11-18 03:42:53 +0000",
      "pine_log": "2024-11-18 03:13:45 +0000",
      "maple_log": "2024-11-18 03:21:15 +0000"
    },
    "done": false
  },
  "minecraft:story/iron_tools": {
    "criteria": {
      "iron_pickaxe": "2024-11-18 03:13:58 +0000"
    },
    "done": true
  },
  "minecraft:story/obtain_armor": {
    "criteria": {
      "iron_chestplate": "2024-11-18 03:14:07 +0000"
    },
    "done": true
  },
  "stellarity:dragons_den/cursed_tome/items/unlock_sabrewing": {
    "criteria": {
      "requirement": "2024-11-18 03:15:02 +0000"
    },
    "done": true
  },
  "stellarity:cursed_tome/sabrewing": {
    "criteria": {
      "requirement": "2024-11-18 03:15:02 +0000"
    },
    "done": true
  },
  "apotheosis:affix/root": {
    "criteria": {
      "sword": "2024-11-18 03:15:02 +0000"
    },
    "done": true
  },
  "apotheosis:affix/chests": {
    "criteria": {
      "sword": "2024-11-18 03:15:02 +0000"
    },
    "done": true
  },
  "minecraft:adventure/kill_all_mobs": {
    "criteria": {
      "minecraft:skeleton": "2024-11-18 03:16:19 +0000",
      "minecraft:spider": "2024-11-18 05:17:20 +0000",
      "minecraft:creeper": "2024-11-22 07:05:45 +0000",
      "quark:forgotten": "2024-11-22 07:02:56 +0000",
      "minecraft:witch": "2024-11-22 07:15:53 +0000",
      "minecraft:cave_spider": "2024-11-22 07:00:15 +0000",
      "minecraft:enderman": "2024-11-23 03:14:31 +0000",
      "minecraft:silverfish": "2024-11-23 03:28:26 +0000",
      "minecraft:zombie": "2024-11-18 03:59:34 +0000",
      "minecraft:drowned": "2024-11-22 06:34:46 +0000"
    },
    "done": false
  },
  "minecraft:adventure/kill_a_mob": {
    "criteria": {
      "minecraft:skeleton": "2024-11-18 03:16:19 +0000"
    },
    "done": true
  },
  "minecraft:adventure/sleep_in_bed": {
    "criteria": {
      "slept_in_bed": "2024-11-18 03:17:02 +0000"
    },
    "done": true
  },
  "alexsmobs:alexsmobs/seagull_steal": {
    "criteria": {
      "ex": "2024-11-18 03:19:42 +0000"
    },
    "done": true
  },
  "minecraft:adventure/shoot_arrow": {
    "criteria": {
      "shot_arrow": "2024-11-18 03:19:55 +0000"
    },
    "done": true
  },
  "minecraft:story/mine_stone": {
    "criteria": {
      "get_stone": "2024-11-18 03:20:28 +0000"
    },
    "done": true
  },
  "minecraft:story/root": {
    "criteria": {
      "crafting_table": "2024-11-18 03:20:35 +0000"
    },
    "done": true
  },
  "tombstone:adventure/find_grave_dust": {
    "criteria": {
      "from_undead": "2024-11-18 03:59:34 +0000"
    },
    "done": true
  },
  "tombstone:recipes/from_grave_dust": {
    "criteria": {
      "has_ingredient": "2024-11-18 03:59:34 +0000"
    },
    "done": true
  },
  "apotheosis:affix/random": {
    "criteria": {
      "sword": "2024-11-18 03:59:35 +0000"
    },
    "done": true
  },
  "minecraft:adventure/trade": {
    "criteria": {
      "traded": "2024-11-18 04:17:52 +0000"
    },
    "done": true
  },
  "twilightforest:root": {
    "criteria": {
      "in_tf": "2024-11-18 04:40:45 +0000"
    },
    "done": true
  },
  "apotheosis:affix/gem": {
    "criteria": {
      "gem": "2024-11-18 04:48:02 +0000"
    },
    "done": true
  },
  "twilightforest:twilight_hunter": {
    "criteria": {
      "kobold": "2024-11-18 04:48:02 +0000"
    },
    "done": true
  },
  "apotheosis:affix/epic": {
    "criteria": {
      "sword": "2024-11-18 04:49:10 +0000"
    },
    "done": true
  },
  "twilightforest:arborist": {
    "criteria": {
      "twilight_oak_planks": "2024-11-18 04:53:05 +0000",
      "canopy_door": "2024-11-23 03:52:29 +0000",
      "canopy_planks": "2024-11-23 03:17:39 +0000",
      "twilight_oak_log": "2024-11-18 04:52:56 +0000",
      "canopy_log": "2024-11-22 07:06:43 +0000"
    },
    "done": false
  },
  "tombstone:adventure/first_knowledge": {
    "criteria": {
      "coded_trigger": "2024-11-18 04:55:09 +0000"
    },
    "done": true
  },
  "stellarity:events/on_death": {
    "criteria": {
      "requirement": "2024-11-18 04:55:09 +0000"
    },
    "done": true
  },
  "tombstone:adventure/first_grave": {
    "criteria": {
      "coded_trigger": "2024-11-18 04:55:09 +0000"
    },
    "done": true
  },
  "tombstone:adventure/strong_or_careful": {
    "criteria": {
      "coded_trigger": "2024-11-18 04:55:09 +0000"
    },
    "done": true
  },
  "tombstone:recipes/from_grave_key": {
    "criteria": {
      "has_ingredient": "2024-11-18 04:55:10 +0000"
    },
    "done": true
  },
  "tombstone:adventure/choose_knowledge": {
    "criteria": {
      "coded_trigger": "2024-11-18 04:56:47 +0000"
    },
    "done": true
  },
  "tombstone:adventure/choose_grave_type": {
    "criteria": {
      "coded_trigger": "2024-11-18 04:56:55 +0000"
    },
    "done": true
  },
  "tombstone:adventure/cancel_ghostly_shape": {
    "criteria": {
      "coded_trigger": "2024-11-18 04:57:02 +0000"
    },
    "done": true
  },
  "tombstone:adventure/enchant_grave_key": {
    "criteria": {
      "has_upgraded_grave_key": "2024-11-18 04:58:58 +0000"
    },
    "done": true
  },
  "tombstone:adventure/teleport_to_grave": {
    "criteria": {
      "coded_trigger": "2024-11-18 04:59:04 +0000"
    },
    "done": true
  },
  "twilightforest:hill1": {
    "criteria": {
      "redcap": "2024-11-18 04:59:12 +0000"
    },
    "done": true
  },
  "apotheosis:affix/rare_gem": {
    "criteria": {
      "gem": "2024-11-18 04:59:39 +0000"
    },
    "done": true
  },
  "twilightforest:magic_map_focus": {
    "criteria": {
      "focus": "2024-11-18 05:01:51 +0000"
    },
    "done": true
  },
  "alexsmobs:alexsmobs/root": {
    "criteria": {
      "useitem": "2024-11-18 05:33:29 +0000"
    },
    "done": true
  },
  "apotheosis:affix/rare": {
    "criteria": {
      "sword": "2024-11-22 04:58:32 +0000"
    },
    "done": true
  },
  "stellarity:story/drop_rare_illager_loot": {
    "criteria": {
      "drop3": "2024-11-22 05:48:56 +0000"
    },
    "done": true
  },
  "stellarity:cursed_tome/spellbooks/conveyance": {
    "criteria": {
      "requirement": "2024-11-22 05:48:56 +0000"
    },
    "done": true
  },
  "stellarity:cursed_tome/spellbooks/updraft": {
    "criteria": {
      "requirement": "2024-11-22 05:48:56 +0000"
    },
    "done": true
  },
  "stellarity:cursed_tome/spellbooks/light": {
    "criteria": {
      "requirement": "2024-11-22 05:48:56 +0000"
    },
    "done": true
  },
  "stellarity:dragons_den/cursed_tome/items/spellbooks/unlock_conveyance": {
    "criteria": {
      "requirement": "2024-11-22 05:48:56 +0000"
    },
    "done": true
  },
  "stellarity:cursed_tome/spellbooks/natures_wrath": {
    "criteria": {
      "requirement": "2024-11-22 05:48:56 +0000"
    },
    "done": true
  },
  "stellarity:dragons_den/cursed_tome/items/spellbooks/unlock_updraft": {
    "criteria": {
      "requirement": "2024-11-22 05:48:56 +0000"
    },
    "done": true
  },
  "stellarity:dragons_den/cursed_tome/items/spellbooks/unlock_light": {
    "criteria": {
      "requirement": "2024-11-22 05:48:56 +0000"
    },
    "done": true
  },
  "naturescompass:natures_compass_log": {
    "criteria": {
      "has_recipe": "2024-11-22 05:55:56 +0000"
    },
    "done": true
  },
  "naturescompass:natures_compass": {
    "criteria": {
      "has_recipe": "2024-11-22 05:55:56 +0000"
    },
    "done": true
  },
  "naturescompass:natures_compass_sapling": {
    "criteria": {
      "has_recipe": "2024-11-22 05:55:56 +0000"
    },
    "done": true
  },
  "alexsmobs:alexsmobs/banana": {
    "criteria": {
      "banana": "2024-11-22 06:10:51 +0000"
    },
    "done": true
  },
  "quark:get_all_blossom_saplings": {
    "criteria": {
      "yellow": "2024-11-22 06:29:37 +0000"
    },
    "done": false
  },
  "tombstone:adventure/ashes_and_bones": {
    "criteria": {
      "coded_trigger": "2024-11-22 06:34:46 +0000"
    },
    "done": true
  },
  "apotheosis:affix/boss": {
    "criteria": {
      "sword": "2024-11-22 06:34:50 +0000"
    },
    "done": true
  },
  "twilightforest:magic_map": {
    "criteria": {
      "magic_map": "2024-11-22 06:55:43 +0000"
    },
    "done": true
  },
  "quark:get_forgotten_hat": {
    "criteria": {
      "get_forgotten_hat": "2024-11-22 07:02:57 +0000"
    },
    "done": true
  },
  "stellarity:adventure/anger_enderman": {
    "criteria": {
      "anger_enderman": "2024-11-22 07:04:54 +0000"
    },
    "done": true
  },
  "tombstone:adventure/chain_death": {
    "criteria": {
      "coded_trigger": "2024-11-22 07:06:16 +0000"
    },
    "done": true
  },
  "minecraft:story/deflect_arrow": {
    "criteria": {
      "deflected_projectile": "2024-11-22 07:10:23 +0000"
    },
    "done": true
  },
  "tombstone:adventure/ambush": {
    "criteria": {
      "coded_trigger": "2024-11-22 07:15:53 +0000"
    },
    "done": true
  },
  "twilightforest:hill3": {
    "criteria": {
      "redcap": "2024-11-22 07:39:29 +0000"
    },
    "done": true
  },
  "pfm:grant_book_on_first_join": {
    "criteria": {
      "tick": "2024-11-23 02:46:36 +0000"
    },
    "done": true
  },
  "pfm:recipes/root": {
    "criteria": {
      "has_planks": "2024-11-23 02:49:26 +0000"
    },
    "done": true
  },
  "twilightforest:progress_naga": {
    "criteria": {
      "naga": "2024-11-23 03:07:29 +0000"
    },
    "done": true
  },
  "twilightforest:progress_lich": {
    "criteria": {
      "kill_lich": "2024-11-23 03:55:30 +0000",
      "kill_naga": "2024-11-23 03:07:29 +0000"
    },
    "done": true
  },
  "tombstone:adventure/bone_crusher": {
    "criteria": {
      "coded_trigger": "2024-11-23 03:15:22 +0000"
    },
    "done": true
  },
  "minecraft:story/form_obsidian": {
    "criteria": {
      "obsidian": "2024-11-23 03:24:26 +0000"
    },
    "done": true
  },
  "stellarity:nether/a_step_to_the_end": {
    "criteria": {
      "criteria": "2024-11-23 03:24:28 +0000"
    },
    "done": true
  },
  "twilightforest:fiery_set": {
    "criteria": {
      "fiery_leggings": "2024-11-23 03:27:16 +0000"
    },
    "done": false
  },
  "twilightforest:progress_trophy_pedestal": {
    "criteria": {
      "kill_lich": "2024-11-23 03:55:30 +0000"
    },
    "done": false
  },
  "twilightforest:progress_labyrinth": {
    "criteria": {
      "kill_lich": "2024-11-23 03:55:30 +0000"
    },
    "done": false
  },
  "twilightforest:progress_yeti": {
    "criteria": {
      "previous_progression": "2024-11-23 03:55:30 +0000"
    },
    "done": false
  },
  "tombstone:adventure/strong_undead": {
    "criteria": {
      "coded_trigger": "2024-11-23 03:55:30 +0000"
    },
    "done": true
  },
  "tombstone:adventure/create_voodoo_poppet": {
    "criteria": {
      "has_voodoo_poppet": "2024-11-23 03:55:35 +0000"
    },
    "done": true
  },
  "tombstone:adventure/create_familiar_receptacle": {
    "criteria": {
      "has_receptacle_of_familiar": "2024-11-23 03:55:35 +0000"
    },
    "done": true
  },
  "stellarity:story/obtain_an_ender_pearl": {
    "criteria": {
      "criteria": "2024-11-23 03:56:17 +0000"
    },
    "done": true
  },
  "tombstone:adventure/enchant_voodoo_poppet": {
    "criteria": {
      "has_enchanted_voodoo_poppet": "2024-11-23 03:55:35 +0000"
    },
    "done": true
  },
  "DataVersion": 3465
}